Sample,Source
"GNBS
Ní welts tá an ceart sin fós uh ... roinnt de na íomhá é sin ainm an-cháiliúil ar rtc_ agus an roghchlár ar an laethúil donn aon ar chor ar bith a ligean ar dul trí in ainneoin motives gheansaí conas a rinne tú riamh ainm cosúil le JEFFERSON amused ach cúpla lá tá sé tugtha chomh fada agus is a fhios agam agat nach raibh cosúil a fhios agam
Ba mhaith liom a bheith i gceannas ar an talamh é nach bhfuil ag teastáil aon saghas ar leith ciallaíonn sé cad
leabhar ar leith mar sin amach as an críochnaithe ach amach as do chóras a fhios agat a bhí mé rugadh i Iúgslaiv cén fáth go raibh tú ag teacht go California anseo tá mo dhochtúir Bartlett le chéile bhain sé mo tuige mister mac agus ní raibh a gheobhaidh tú haitheantas coibhneasta de do abairt
Is é Peter sé i gceist aon ina leith os comhair nuair a tháinig sé go California recvd aontú faoi sin d'fhéadfaí tú fuaim as i hIúgslaive agus go leor eile cinnte go luaitear i go han-mhaith leat a fhios ag dul go bunúsach pt i bhfad ul Magda Ruby lam conas do chuid Dé Domhnaigh mé ag caint a thabhairt suas ar a chuid féin beidh sé agat ar eachtraí réidh tháinig trádáil suas
Níl data chuma air go raibh go gloine beorach
Tá tú pósta go fóill yaha koi ó go tapa an-ar ann yo yo pósta ar bith cothrom le dáta déan teagmháil le Amy Gillett
Baineadh úsáid as chun teacht ar mo ranganna ponc treoracha éagsúla
Stopadh
","OPUS QED, lines 2974 to 2983"
"An dinnéar Is fiú amháin an parabal de dinnéar, go coitianta.
Mar más rud é amháin chomhnuigh the Savage in aice le go leor chun Dúlra agus Fírinne a fháil ar iasacht ar trope ó orthu.
Conas is féidir an scoláire, a dwells shiúl i gCríoch an Iarthuaiscirt nó Oileán Mhanann, insint cad é parlaiminte sa chistin?
Mar sin féin, ní raibh ach ceann amháin nó dhá cheann de mo aíonna riamh gcló trom go leor chun fanacht agus ithe-hasty maróg le liom; ach nuair a chonaic siad go bhfuil géarchéim druidim buille siad hasty
Retreat in áit, amhail is dá mbeadh sé an teach a chroitheadh ​​lena fondúireachtaí.
Mar sin féin, bhí sé trí mhór-putóga hasty go leor.
Ní raibh mé plástair till a bhí sé aimsir reo.
Thug mé thar roinnt whiter agus gaineamh níos glaine chun na críche seo ón gcósta os coinne na an lochán i mbád, saghas tíolacais a mbeadh cathú orm dul i bhfad níos faide más gá.
Mo teach a bhí sa curtha shingled Idir an dá linn síos ar an talamh ar gach taobh.
","OPUS QED, lines 17615 to 17624"
"Cad é seo?
Bródúil, - agus, liom buíochas a ghabháil leat, - agus nach bhfuil tú liom buíochas a ghabháil; - Agus fós ní bródúil as:
- Minion mistress, tú,
Go raibh míle maith liom aon thankings, ná bródúil as dom aon prouds, Ach do joints fíneáil 'gainst Déardaoin seo chugainn fettle
Chun dul leis chuig Eaglais Naomh Páras Peadar, Nó beidh mé dhuit tharraingt ar thither hurdle.
Amach, tú glas-breoiteachta carrion! amach, is féidir leat bagáiste!
Tá tú geir-aghaidh!
MHUIRE CAPULET Fie, fie! cad, tá tú buile?
Juliet Dea-athair, beseech mé tú ar mo ghlúine,
","OPUS QED, lines 20489 to 20498"
"Uaireanta, bheadh ​​hunting phacáiste ag pas féin mo doras, agus mo babhta ciorcal teach, agus yelp and chú gan maidir dom, amhail is dá mba afflicted ag speiceas madness, ionas go bhféadfaí iad a stiúradh ó aon rud an tóir.
Dá bhrí sin ciorcal siad go dtí go dtagann siad ar an rian le déanaí le sionnach, ar feadh cú ciallmhar
Beidh forsake gach rud eile le haghaidh seo.
Lá amháin tháinig fear mo both ó Lexington a fhiosrú i ndiaidh a cú a rinne
Bhí rian mór, agus seilg ar feadh seachtaine ag féin.
Ach eagla orm nach raibh sé an wiser do gach Dúirt mé leis, le haghaidh gach uair a rinne mé iarracht ceisteanna a fhreagairt a idirbhriseadh sé dom trí cheist a chur, ""Cad a dhéanann tú anseo?""
Gur chaill sé madra, ach fuair fear.
Hunter amháin d'aois a bhfuil teanga tirim, a úsáidtear chun teacht chun bathe i Walden uair amháin gach bliana nuair a bhí an t-uisce teo, agus cibé tráthanna sa ar fhéach mé, dúradh liom go blianta fada ó shin thóg sé a cheann gunna tráthnóna agus chuaigh sé amach ar feadh Cruise i Walden Adhmad; agus de réir mar a shiúil sé an Wayland bóthair a chuala sé an caoin of chúnna druidim, agus ere fada an sionnach léim the balla isteach an bhóthair, agus chomh tapa is a cheap
léim amach balla eile an bhóthair, agus ní raibh a bullet tapa i dteagmháil léi dó.
","OPUS QED, lines 18036 to 18045"
"Ní bheidh muid a bheith ag féachaint ar a chéile ag bricfeasta.
Ó, mo Rainsford daor, Bhí mé ag an chuid is mó inconsiderate.
Ní mór duit a bheith ag mothú ar an ngá atá le codlata freisin.
- Tá, tá mé díreach faoi gach isteach - Ansin, beidh tú ag Ivan taispeáin do do sheomra.
Ó, Martin, cas go luath, le do thoil?
Ná bíodh imní ort.
An count'll aire a thabhairt dom, ceart go léir.
Go deimhin, cuirfidh mé.
- Bhuel, oíche mhaith.
","OPUS QED, lines 14616 to 14625"
"le tarlú, go bhfuil an chuma air go leor dull agus dúr don saol chun dul ar an mbealach is coiteann.
Mar sin atá leagtha sí ar an obair, agus an-críochnaithe luath amach an císte. &gt;
Caibidil II.
An linn Deora
'Curiouser agus curiouser!' Adeir Alice (a bhí sí i bhfad ionadh mar sin, gur le haghaidh na huaire
Forgot sí go leor conas Béarla a labhairt go maith); 'anois tá mé ag oscailt amach ar nós an teileascóp ba mhó a bhí riamh!
Dea-beannacht, cosa!
'(Le haghaidh nuair a d'fhéach sí síos ar a chosa, agus bhain siad a bheith beagnach amach radharc na súl, bhí ag éirí leo go dtí seo amach).
'Ó, mo chosa beag bocht, N'fheadar a chuirfidh ar do bróga agus stocaí ar do shon anois dears,?
","OPUS QED, lines 5829 to 5838"
"An turtar Bréige Scéal
'Ní féidir leat smaoineamh ar cé chomh sásta mé a fheiceann tú arís, tá tú i daor rud aois!' Arsa an
Bandiúc, mar atá sí a lámh tucked affectionately isteach Alice, agus iad shiúil amach le chéile.
Alice a bhí an-sásta a fháil di i temper den sórt sin taitneamhach, agus shíl mé di féin b'fhéidir go raibh sé ach an Piobar a bhí déanta go Savage sí mar sin nuair a bhuail siad sa cistine.
'Nuair Tá mé Bandiúc,' a dúirt sí léi féin, (nach bhfuil i ton an-dóchasach cé), 'mé nach mbeidh aon Piobar i mo chistin AG GACH.
Anraith dhéanann go han-mhaith gan - B'fhéidir go bhfuil sé i gcónaí Piobar a dhéanann daoine te- tempered, 'chuaigh sí ar aghaidh, go mór áthas ar a bhfuil le fáil amach de chineál nua riail,
'Agus fínéagar a dhéanann géar orthu - agus camomile a dhéanann searbh orthu - agus - agus eorna-siúcra agus nithe den sórt sin a dhéanamh
leanaí milis-tempered.
Is mian liom ach bhí a fhios daoine go: ansin siad
","OPUS QED, lines 6887 to 6896"
"Ve sevilen,sevilen,sevilen,sevilen,sevilen olmak için hakikat bizimdir.
Bu yüzden artık çekinmeyeceğim,artık eminim ki beklemez.
Zorlaştırmaya gerek yok,hayat kısa.Bu kaderimiz,seninim!
Uzun bir süre aynada kendime baktım... ve geçmişimi daha net görmeye başladım.
Ama nefesim aynayı buğulandırdı.
Bir yüz çizdim ve güldüm
Sanırım,söylediğimin üzerine daha iyi bir sebep yok.
Temizle ruhumu kibirden, akışına bırak kendini.
Bizim amacımız bu, ismimiz erdemimizdir.
","OPUS QED, lines 17278 to 17287"
"Tá áit go fóill duskier seo, le bíomaí íseal den sórt sin ponderous thuas, agus sean-nós pleancanna wrinkled thíos faoi, go mbeadh tú mhaisiúil beagnach trod tú roinnt ceardaíochta ar sean- cockpits, go háirithe a leithéid de howling oíche, nuair a rocked an cúinne-ancaire airc d'aois sin furiously.
Ar thaobh amháin bhí a, fada íseal, seilf-mhaith tábla clúdaithe le cásanna gloine scáinte,
líonadh le rarities dusty a fuarthas ó chur seo ar fud an domhain ar nooks remotest.
Ag gobadh amach as an uillinn breise ar an seomra dorcha seastáin a nead-lorg - an barra - ar iarracht rude ag míol mór ceart a ceann.
Bí go conas a d'fhéadfadh sé, seastáin ann an cnámh ollmhór droimneach an míol mór an fhód, leathan sin, ina d'fhéadfadh a thiomáint beagnach cóiste faoi bhun sé.
Laistigh de go bhfuil seilfeanna shabby, bhí na babhta le decanters, buidéil d'aois, fleascáin; agus i siúd jaws an scriosta go tapa, cosúil le Jonah eile heascaineadh (de réir a ainm go deimhin ar a dtugtar siad dó) bustles, le beagán withered fear d'aois, a dhéanfaidh, chun a gcuid airgid a dhíol, daor the deliriums mairnéalach agus báis.
Abominable iad na tumblers isteach inti pours sé a nimhe.
Cé Sorcóirí fíor gan - laistigh de, na gloiní goggling villanous glas deceitfully downwards barrchaolaithe chun bun cheating.
Fadlínte Comhuaineach pecked rudely isteach sa ghloine, timpeall na footpads 'goblets.
","OPUS QED, lines 3690 to 3699"
"Ní féidir liom a insint duit ach anois cad é an morálta sin, ach beidh mé ag cuimhneamh air i beagán. '
'B'fhéidir nach bhfuil sé ar cheann,' chuaigh Alice to ráiteas.
'Tut, tut, leanbh!' A dúirt an Bandiúc.
'Tá gach rud a fuair morálta, más rud é amháin is féidir leat é a fháil.'
And brú sí í féin suas níos gaire don taobh Alice mar labhair sí.
Ní raibh mórán mar Alice choinneáil chomh gar di: an chéad, toisc go raibh an Bandiúc AN- gránna; agus sa dara háit, toisc go raibh sí díreach mar an airde ceart chun sosa a smig ar
Alice ghualainn, agus bhí sé ina smig uncomfortably géar.
Mar sin féin, ní raibh sí buíochas a bheith drochbhéasach, mar sin rug sí é chomh maith is a d'fhéadfadh sí.
'Tá an cluiche ar siúl in áit níos fearr anois,' ar sí, ar mhodh a choimeád suas an comhrá beag. "" Tis mar sin, 'ar an Bandiúc:' agus morálta go bhfuil - ""Ó, 'TIS ghrá,' TIS grá, go
","OPUS QED, lines 6899 to 6908"
"""A dhéanamh liom rud ar bith de,"" fhreagair mé frankly.
""Is gnó an chuid is mó mistéireach.""
""Mar riail,"" a dúirt Holmes, ""Is é an níos aisteach an rud is lú mistéireach gcruthaíonn sé a a bheith.
Is ortsa atá coitianta, coireanna featureless atá i ndáiríre puzzling, díreach mar
Is é an ceann is coitianta aghaidh deacair a aithint.
Ach caithfidh mé a bheith go pras thar an gceist seo. ""
""Cad é atá tú ag dul a dhéanamh, ansin?"" D'iarr mé.
""Chun deataigh,"" fhreagair sé.
""Tá sé go leor trí fhadhb píopa, agus impigh mé nach mbeidh tú ag labhairt liom ar feadh caoga nóiméad. ""
","OPUS QED, lines 1564 to 1573"
"[Scor.]
Romeo maw detestable Thou, bhroinne tusa an bháis,
Gorg'd leis an morsel dearest an domhain, Dá bhrí sin mé fhorfheidhmiú dot jaws lofa a oscailt,
[Briseadh an doras a oscailt an tséadchomhartha.]
Agus, i ainneoin, beidh mé dhuit CRAM le bia níos mó!
PARIS Is é seo go Montague banish'd haughty
Go murder'd mo ghrá le col ceathrar, - a grief, Tá sé ceaptha, an créatúr cothrom bás, -
Agus is anseo a thagann chun roinnt náire villanous dhéanamh Chun na comhlachtaí marbh:
Beidh mé air apprehend .--
","OPUS QED, lines 21109 to 21118"
"IS É AN FEAR WILLIAMS JOHN! &lt;3
Bhuel, tá baint agam le rudaí eile seachas fisic
I bhfirínne, in ábhair seachas fisic is mó faoi láthair.
Tá rud amháin faoi leith i dteangacha an chine daonna.
Déanann teangeolaithe gairmiúla, stairiúla sna SAM agus in Iarthar na hEorpa iarracht chun cianchaidrimh a sheachaint; grúpaí móra, grúpaí a théann i bhfad siar níos faide siar ná na teaghlaigh teanga cailiúla.
Cha dtaitníonn sé sin leo; síleann gur raiméis í.
Ach, ní shílim gur amhlaidh atá.
Agus tá roinnt mhaith teangeolaithe iontacha, Rúisigh is mó, atá ag déanamh staidéir air sin ag Institiúd Santa Fe agus i Moscó, agus ba bhreá liom na torthaí a fheiceáil.
An dtéann sé i bhfad siar go sinsear amháin 20,000 nó 25,000 bliain ó shin?
","OPUS QED, lines 2813 to 2822"
"Raibh sé ar intinn an tUasal Henfrey leithscéal a ghabháil agus a tharraingt siar, ach seo a réamh-mheas a suaimhneas dó.
An strainséir bhabhta lena iompú ar ais chuig an teallaigh agus a chur a lámha taobh thiar dá chuid ar ais.
""Agus faoi láthair,"" a dúirt sé, ""nuair a bhíonn an clog-deisithe thar, I mo thuairimse, ba mhaith liom a bhfuil roinnt tae.
Ach nach bhfuil till an clog-deisithe os a chionn. ""
Mrs Halla a bhí ar tí é a fhágáil ar an seomra - a rinne sí aon dul chun cinn conversational an am seo, toisc nach raibh sí ag iarraidh a bheith snubbed os comhair an tUasal Henfrey - nuair a gcuairteoirí d'iarr sí má bhí déanta aici aon socruithe faoina boscaí ag Bramblehurst.
D'inis sí dó go raibh sí an t-ábhar a luaitear leis an Postman, agus go bhféadfadh an t-iompróir iad a thabhairt le níos mó ná ar an amárach.
""Tá tú cinnte go bhfuil an luaithe?"" A dúirt sé.
Bhí sí áirithe, le coldness marcáilte.
""Ba chóir dom a mhíniú,"" a dúirt sé, ""cad a bhí mé i ndáiríre ró-fuar agus fatigued a dhéanamh os comhair, go bhfuil mé imscrúdaitheoir turgnamhach. "" Go deimhin, a dhuine uasail, ""a dúirt Mrs Halla an Chontae, i bhfad níos tógtha.
","OPUS QED, lines 12120 to 12129"
"Rud a tháinig ar ais chuig a contrariness mar luas sí an siúlóid agus d'fhéach sé os cionn sé ar an taobh istigh crann-bairr.
Dhealraigh sé sin amaideach, a dúirt sí léi féin, a a bheith in aice leis agus gan a bheith in ann a fháil isteach
Thóg sí an eochair ina phóca nuair a chuaigh sí ar ais go dtí an teach, agus rinne sí suas a gcuimhne go mbeadh sí a dhéanamh i gcónaí sé léi nuair a chuaigh sí amach, ionas go mbeidh sí riamh más rud é
Ba chóir teacht ar an doras i bhfolach go mbeadh sí réidh.
Bhí cead ag Mrs Medlock Martha a chodladh gach oíche ag an teachín, ach bhí sí ar ais ag a cuid oibre ar maidin le leicne deirge ná riamh, agus sa chuid is fearr de biotáillí.
""Fuair ​​mé suas ag 04:00,"" a dúirt sí.
""Eh! go raibh sé go leor ar ú 'moor le ú' éan gettin 'suas' ú 'choiníní scamperin' faoi 'ú' ghrian risin '.
Ní raibh mé ag siúl gach ú 'slí.
Rinne fear thug dom a thiomána ina cart ar 'raibh mé taitneamh a bhaint as féin. ""
","OPUS QED, lines 11259 to 11268"
"Mar shampla, bainimid usáid as nuachtáin leis na paistí - agus rinne comhleacaí airíthe caibidil foghlama, bunaíthe ar ábhar nuachta.
Bhí sé seo an-tairbheach.
Tá fás tagtha ar an tionscnamh agus anois, tá an teanga dá foghlaim i réamh-scoileanna Ungárach chomh maith le réamh-scoileanna Gearmánach.
Lena chois sin, le dlúth-oibriú as lámh a chéile,
Is feidir linn comhoibriú a neartú idir na institutí oideachais agus idir muinteoirí agus agus ár n-institúit.
Is feidir linn eagrú níos fearr a dhéanamh ar ár gníomhaíochtaí idirnáisiunta freisin.
Tá a lán deiseanna taistil agus cumarsáid le comhleacaí san Ungáir.
Tá gréasan iontach forbartha againn le comhleacaí san Ungáir, a muineann Gearmáinis do phaisí Ungárach.
Agus tá sé seo thar a bheith tábhachtach.
","OPUS QED, lines 5718 to 5727"
"""Jeeves!""
""Sir?"" ""Sin ceangal pink!""
""Sea, a dhuine uasail?""
""Dóigh é!"" ""Go raibh maith agat, a dhuine uasail.""
""Agus Jeeves,!"" ""Sea, a dhuine uasail?""
""Glac le tacsaí a fháil dom go Drew hata Longacre, mar atá caite ag John!""
""Go raibh maith agaibh, a dhuine uasail."" Bhraith mé an chuid is mó Greim millteanach.
Bhraith mé amhail is dá mbeadh an scamaill rolladh amach agus go léir a bhí mar a úsáidtear é a bheith.
Bhraith mé cosúil le ceann de na chappies sa úrscéalta a ghlaonn as an troid leis a chuid chinneann an bhean chéile sa chaibidil seo caite agus chun dearmad, agus maith.
","OPUS QED, lines 8619 to 8628"
"Daor bhean ALTRA O Dé!
An bhfuil tú chomh te? pósadh, teacht suas, mé trow; An é seo an poultice do mo chnámha aching?
Henceforward, an bhfuil do chuid theachtaireachtaí duit féin.
Juliet Seo den sórt sin a corn -!
Teacht, cad a deir Romeo?
ALTRA An bhfuil tú fuair cead chun dul go dtí shrift go lá?
Juliet agam.
ALTRA hie Ansin tú mar sin, a chill mBráthar Lawrence ';
Tá tréimhsí fear céile a dhéanann tú bhean chéile:
","OPUS QED, lines 19806 to 19815"
"Agus saoire air go léir; saol, i do chónaí, tá gach bás ar.
PARIS Ar smaoinigh mé fada a fheiceáil ar maidin ar aghaidh,
Agus doth sé a thabhairt dom den sórt sin a radharc mar seo?
MHUIRE CAPULET Accurs'd,, míshásta wretched, hateful lá!
Uair an chloig olc an chuid is mó a chonaic e'er am
I saothair marthanach a oilithreachta!
Ach amháin, bocht amháin, aon leanbh amháin agus droch-ghrámhar,
Ach rud amháin a rejoice agus solace i, Agus hath bás éadrócaireach catch'd sé as mo radharc!
ALTRA O mairg!
","OPUS QED, lines 20864 to 20873"
"Gach uair, nuair a tháinig sé go dtí an dromchla, casadh a cheann ar an mbealach seo agus go bhfuil, sé cooly ndearnadh suirbhé orthu an t-uisce agus an talamh, agus is cosúil roghnaigh a chúrsa ionas go mbeidh sé d'fhéadfadh teacht suas sa chás go raibh an leithne
Fairsinge an uisce agus ag an t-achar is mó as an bád.
Bhí sé iontas cé go tapa a rinne sé suas a intinn a réiteach agus a chur isteach i fhorghníomhú.
Faoi stiúir sé dom ag an am céanna leis an gcuid is leithne den lochán, agus nach bhféadfadh a bheith tiomáinte as é.
Cé go raibh sé ag smaoineamh ar rud amháin ina inchinn, bhí mé ag iarraidh a chuid Dhiaga
Shíl i mianach.
Bhí sé cluiche go leor, bhí ar an dromchla mín an locháin, fear i gcoinne loon.
Go tobann imíonn do adversary ar checker faoi bhun an mbord, agus an
Is mise fhadhb a áit is gaire don áit a mbeidh sé le feiceáil arís.
","OPUS QED, lines 17489 to 17498"
"Chun smaoineamh ar dul isteach sa teachín ina raibh dhá cheann déag de leanaí!
""An bhfuil sí ag smaoineamh go mbeadh Mrs Medlock in iúl dom dul?"" D'iarr sí, go leor go himníoch.
""Aye, is cuí léi go mbeadh sí.
Tá a fhios aici cad is máthair bean slachtmhar agus an chaoi a gcoinníonn sí glan ar an teachín. ""
""Má chuaigh mé ba chóir dom a fheiceáil le do mháthair, chomh maith le Dickon,"" arsa Máire, ag smaoineamh sé os cionn agus
liking an smaoineamh go mór.
""Níl sí cosúil le bheith cosúil leis an máithreacha san India.""
Bhí a obair sa ghairdín agus an excitement an tráthnóna dar críoch ag déanamh a bhraitheann ciúin agus tuisceanach.
Martha fhan léi go dtí an t-am tae-, ach shuigh siad san ciúin compordach agus labhair an-beag.
","OPUS QED, lines 11619 to 11628"
"Phil.
TRANS.
AD 1668.
""Whales i guth an Dia farraige obey."" - NE primer.
""Chonaic muid freisin raidhse de míolta móra móra, tá níos mó a bheith sna farraigí theas, mar a
Is féidir liom a rá, ag 100-1; ná ní mór dúinn ar an thuaidh de dúinn "".
BABHTA voyage captaen Cowley'S na cruinne, AD 1729 -. ""... agus is é an anáil an míol mór d'fhreastail go minic le sórt sin boladh insupportable, de réir mar a thabhairt ar neamhord ar an inchinn. ""
- ULLOA 'S i Meiriceá Theas.
""Chun caoga roghnaithe sylphs an nóta speisialta,
","OPUS QED, lines 3283 to 3292"
"Tá brón orm a chloisteáil leat a rá go.
An ciste a bhí, ar ndóigh, d'iomadú agus leathadh na ceannairí dearg-mar maith le haghaidh a n-chothabháil.
Tá sé exceedingly trua go bhfuil tú
Ba chóir a bheith ina Baitsiléir. '
""Mo aghaidh lengthened ag an, an tUasal Holmes, ar shíl mé go raibh mé nach bhfuil an folúntas tar éis an tsaoil; ach tar éis smaoineamh sé thar ar feadh cúpla nóiméad dúirt sé go bhfuil sé a bheadh ​​ceart go léir. ""'I gcás eile,' ar sé, 'a d'fhéadfadh an agóid a bheith marfach, ach ní mór dúinn stráice pointe i bhfabhar fear a bhfuil ceann den sórt sin na gruaige mar mise.
Nuair a bheidh tú in ann dul isteach ar do dhualgais nua? '
""'Bhuel, tá sé beagán awkward, mar tá mé gnó cheana féin,' arsa I. ""'Riamh Oh, aigne faoi sin, an tUasal Wilson!' A dúirt Vincent Spaulding.
'Ba chóir dom a bheith in ann aire a thabhairt go bhfuil ar do shon.' ""'Cad é an uair an chloig?'
D'iarr mé. ""'Deich le dhá.'
","OPUS QED, lines 1443 to 1452"
"Conas a fuair tú é a chur?
""Is é Fiach an oiread agus cluiche mar pócar graí ... amháin go bhfuil na teorainneacha níos airde. ""
- Tá tú a chur ar ár gcás breá.
- Ansin tá tú ag Hunter tú féin?
Tá muid biotáille den tsamhail chéanna.
Tá sé ar mo cheann paisean.
Codlaíonn sé an lá ar fad agus hunts gach oíche.
Agus cad níos mó, Rainsford, beidh sé go bhfuil tú ag déanamh an rud céanna.
Beidh orainn caipitil spóirt le chéile, Tá súil agam.
","OPUS QED, lines 14429 to 14438"
"Ní féidir leis a dhéanamh mac anseo ceart go leor cosúil le clár ponc sealadach a bhí diana ann dúinn má d'fhéadfadh a bheith i mcbroom ach in ocht lá ó shin bileog sé gníomhaíochtaí a bheadh sinsearach Mississippi cócaire má bhí tú ag smaoineamh don ghnó ciallaíonn sé go bhfuil sé cheardchumannaithe i smaoineamh ar fad meastóireacht ar an Pápa gan fiú má theipeann sa láthair choire féidir leat labhairt le linn tá sé ar mo rud
le déanaí do starters saghas cineál de féin ar líne ponc sa chathair a ligean ar ghlacadh le breathnú ar an troid le tú, agus síochánta agus i Ba mhaith buille faoi thuairim mé an carr a fheiceáil agus chomh maith leis na cuideachtaí údar ciller missus sé éasca don leabhar agus mé i gCúba messy ar feadh tréimhse nach aon uair amháin fós ar an chineál céanna le Bobby tobann internist ar fielding stats uh ...
Níl a fhios agam tá súil agam nach bhfuil sé Ní féidir liom a bheith cruinn a dhéanann ar shamhail dom
D'inis mé riamh gan aon cheann dár bhfoireann bunaithe Ní gabha mo íoslaghdú hit iarrthóir ar aon duine eachtarshuite faoi Stalin
Caitliceach botún ar nach botúin a dhéanamh mar sin agus i smaoineamh a fheiceann tú ar bith mar sin níl sé faoi siombailí go maith, ní féidir liom a rá go bhfuil an liosta feithimh go minic nuair a ghníomhaíocht gríosaitheach ag dul ar deacracht leis an os comhair an má tá sé go maith faoi phribhléid rud a an t-am ar fad a bhí sé ag caint faoi fiú is cosúil a fháil amach as an fuar bitterly fós cheap muid go raibh sé ina dúnmharú roghnaíodh é Tá níos fearr ná an ghníomhaíocht daoine a chur le chéile mar gheall ar an bháis tuairisciú breise ar an rud a bheadh i curtha faoi chuing mar gheall ar thaispeáint éifeachtach gach páipéar cac éigiontaithe iontach smaoineamh mé ag insint jeff costais pléascadh Betsy mílte liath oireann don uh ... géarú tá a fhios agat an staidreamh a docs chosaint mar gheall ar sé ró- bhealach ag rialtais fós i smaoineamh Afraic Albáin shábháil 40000000000 ponc níl fadhb áitiú ceart go léir
leictreach cóip den líonrú go den scoth na deacrachtaí a george gabha maitheasa Ba bhreá liom a thabhairt dom a chreidiúint, agus sílim
Tá siad go leor a lán de na marfach
Goldman eile
Fuair nócha thagann as am leaba caipíní frontrunner níos éasca mar chuid den íomhá de théacs toghairme a ghlacadh don anois leanbh negation réamhamharc ar an earráid seo go bhfuil baint acu an reachtaíocht blag mar sin féin na cistí bunachar sonraí
","OPUS QED, lines 9805 to 9814"
"Mais si vous ne voulez pas.
Je vous poursuiverais.
Je vous trouverais.
Et je vous tuerai...
Bonne chance.
Nell'ultimo round sul 7-7 eravamo in Difesa
Pesavamo piazzarsi qui in A ma ci hanno aggirato e hanno piazzato in B
A quel punto siamo riusciti ad uccidere tutti e Stainer era il solo sopravvissuto, doveva solo Disinnescare
Quindi a quel punto Stainer ha disennescato e abbiamo vinto la CW...
","OPUS QED, lines 2640 to 2649"
"Dheis agus ar chlé, a chur ar na sráideanna tú waterward.
Is í an Downtown mhór an ceallraí, i gcás go caochÚn uasal nite le tonnta, agus cooled ag breezes, a bhí cúpla uair an chloig roimhe sin as radharc talún.
Féach ar na sluaite uisce-gazers ann.
Circumambulate an chathair tráthnóna Sabbath dreamy.
Téigh ó Corlears Hook a duillín Coenties, agus ó as sin, ag Whitehall, ó thuaidh.
Cad a fheiceann tú?
- Posted cosúil fairtheoirí adh go léir ar fud an bhaile, seastán ar na mílte mílte fir mortal socraithe i reveries aigéan.
Roinnt leaning i gcoinne an spiles; roinnt ina suí ar an gcé-cinnirí; éigin ag lorg thar an bulwarks longa ón tSín; roinnt ard aloft sa rigging, amhail is dá mba ag iarraidh a fháil ar peep farraige níos fearr fós.
Ach tá na landsmen go léir; na laethanta na seachtaine pent suas i lath agus plástair - ceangailte le cuntair, nailed to binsí, clinched to deasca.
","OPUS QED, lines 3477 to 3486"
"Cheana féin ar an oíche go leor nuair a bhí sé ar oscailt nár bhain leas as sé féin é, ach, gan an teaghlach noticing a bhí sínte, amach sa chúinne is dorcha ar a sheomra.
Mar sin féin, nuair a d'fhág go raibh an bhean ag glanadh an doras leis an seomra suí beagán ajar, agus d'fhan sé oscailte fiú amháin nuair a tháinig an lóistéirí i sa tráthnóna agus na soilse a bhí chur ar aghaidh.
Shuigh siad síos ag ceann an tábla, áit sa lá roimhe sin an mháthair, an
Bhí athair ithe, agus Gregor, unfolded n serviettes, agus roghnaíodh suas a gcuid sceana agus forcanna.
An mháthair le feiceáil láithreach sa doras le mhias feola agus an ceart taobh thiar di an deirfiúr le mhias piled ard le prátaí.
An bia a thug amach a lán de na gaile.
The lóistéirí uaisle Bent thar an pláta a leagtar os comhair iad, amhail is dá mba mhian leo a sheiceáil sula n-itheann sé, agus go deimhin an ceann a chuaigh i lár - le haghaidh an dá cheann eile sé chuma chun feidhmiú mar an t-údarás - gearrtha amach ar píosa feola fós ar an pláta ndóigh a bhunú cibé an raibh sé sách
Ba chóir go tairisceana agus cibé acu atá nó nach bhfuil rud éigin a shipped ar ais go dtí an chistin.
Bhí sé sásta, agus an mháthair agus a dheirfiúr, d'fhéach sé a bhí ar siúl i fionraí, thosaigh sé breathe go héasca agus go aoibh gháire.
","OPUS QED, lines 21554 to 21563"
"Chuidigh Twilight dúinn gach a fheiceáil
Gach gur féidir linn a bheith!
Mar sin, a fháil ar bun, a fháil síos, má tá tú 'ath gonna teacht timpeall
Is féidir linn oibriú le chéile ag cabhrú Twilight bhuaigh an choróin!
Mar sin, a fháil ar bun, a fháil síos, faoi deara é 's dul a dhéanamh fuaime
Má oibrímid le chéile ag cabhrú Twilight Sparkle bhuaigh an choróin!
I 'm ag dul a bheith mé féin, is cuma cad a dhéanfaidh mé
Agus má táimid 'arís difriúil, yeah, I' ll is dócha a bheith fíor díreach a thabhairt duit.
Má leanann tú dom, táimid 'll a chur ar ár difríochtaí leataobh
","OPUS QED, lines 18625 to 18634"
"Ansin, bhí sé go mbeadh an lust an ruaig a thagann go tobann air, agus go raibh a
Bheadh ​​cumhacht réasúnaíocht iontach cúis leis an leibhéal intuition, go dtí iad siúd a bhí
Bheadh ​​unacquainted le breathnú ar a modhanna askance ag dó mar ar fhear a bhfuil eolas nach raibh sé sin mortals eile.
Nuair a chonaic mé dó go tráthnóna enwrapped amhlaidh sa cheol ag Halla Naomh Séamas Bhraith mé go mb'fhéidir go mbeadh an am olc a bheith ag teacht orthu siúd a raibh sé é féin chun fiach a leagtar síos.
""Ba mhaith leat dul abhaile, gan amhras, Dochtúir,"" dúirt sé mar a tháinig chun cinn againn.
""Tá, go mbeadh sé chomh maith."" ""Agus tá mé roinnt le gnó a dhéanamh a ghlacadh roinnt uaireanta.
Tá an gnó ag Coburg Cearnóg tromchúiseach. "" Cén fáth dáiríre? ""
""Is coir nach beag d'intinn.
Tá mé gach cúis aige chun a chreidiúint go bhfuil muid beidh sé in am chun stop a chur leis.
","OPUS QED, lines 1624 to 1633"
"""Níl,"" fhreagair Máire, go leor indignantly.
Riamh ""Rinne mé i mo shaol.
Mo Ayah cóirithe mé, ar ndóigh. ""
""Bhuel,"" a dúirt Martha, evidently nach bhfuil sa ar a laghad ar an eolas go raibh sí impudent, ""tá sé
Ba chóir am tha 'fhoghlaim.
Ní féidir Tha 'tosú níos óige.
Beidh sé a dhéanamh go maith leat chun fanacht ar thysen le beagán.
Dúirt mo mháthair i gcónaí nach bhféadfadh sí a fheiceáil cén fáth nach raibh daoine mhór le páistí dul amach fools cothrom - cad le haltraí nite le 'bein' 'cóirithe ina' ar thóg amach ag siúl mar más rud é go raibh siad puppies! ""
""Tá sé difriúil san India,"" a dúirt Máire mistress disdainfully.
","OPUS QED, lines 10434 to 10443"
"Bhí an tábla ceann móra, ach na trí bhí plódaithe go léir le chéile ag ceann cúinne den sé:
'Níl seomra!
Uimh seomra!
'Adeir siad amach nuair a chonaic siad
Alice romhainn.
'Níl neart den seomra!' Arsa Alice indignantly, agus shuigh sí síos i mór
lámh-chathaoirleach ag foirceann amháin de na tábla.
'An bhfuil roinnt fíon,' ar an Ghiorria Márta i spreagadh ton.
Alice fhéach thart ar an tábla seo, ach ní raibh aon rud ar sé ach tae.
","OPUS QED, lines 6567 to 6576"
"Bhí sí Nantucket bunaidh mór - an mBonn
Carthage seo; - an áit ina raibh an míol mór stranded chéad Mheiriceá marbh.
I gcás eile, ach ó Nantucket raibh na whalemen bundúchasacha, na bhFear Dearg-, an chéad sally amach i curaigh a chase a thabhairt do na Leviathan?
Agus i gcás ach ó Nantucket, freisin, go raibh an chéad sloop beag eachtrúil a chur amach, páirteach ualaithe le cobblestones allmhairithe - mar sin téann an scéal - le caith ag an míolta móra, i d'fhonn a fháil amach nuair a bhí siad nigh go leor chun riosca harpoon ón bowsprit?
Anois, a bhfuil oíche, in aghaidh an lae, agus ceann eile fós oíche seo a leanas os mo chomhair i Nua-
Bedford, ere raibh mé in ann dul i ndán do mo phort, bhí sé ina ábhar concernment nuair a bhí mé a ithe agus codladh Idir an dá linn.
Bhí sé an-dubious-lorg, nay, ar oíche an-dorcha agus brónach, bitingly fuar agus cheerless.
Bhí a fhios agam aon duine san áit.
Le grapnels imníoch go raibh mé mo phóca sounded, agus gan ach a thabhairt suas roinnt píosaí de airgid, - Mar sin, cibé áit a théann tú, Ishmael, a dúirt mé liom féin, mar a bhí mé i lár an dreary sráide shouldering mo mhála, agus i gcomparáid an ghruaim i dtreo an taobh ó thuaidh leis an dorchadas i dtreo an taobh ó dheas - nuair is i d'eagna is féidir leat a thaisceadh i gcrích ar feadh na hoíche, mo Ishmael daor, a bheith cinnte go fhiosrú an praghas, agus nach a bheith ró-áirithe.
","OPUS QED, lines 3598 to 3607"
"Ní raibh Halla cosúil dó, agus pé uair a dared he Labhair sé den inmholta
Seicigh air; ach thaispeáin sé a dtaitníonn go suntasach ag cheilt it ostentatiously, agus a chuid cuairteoirí a sheachaint oiread agus is féidir.
""Fan go rith an tsamhraidh,"" a dúirt Mrs Halla sagely, ""nuair a bhíonn na artisks ag tosú ar teacht.
Ansin, beidh muid a fheiceáil.
Féadfaidh sé a bheith ina giotán overbearing, ach billí
Tá socraithe poncúil billí socraithe poncúil, is cuma cén mhaith leat a rá. ""
Ní raibh an strainséir téigh go dtí séipéal, agus go deimhin ní dhearnadh aon difríocht idir Dé Domhnaigh agus na laethanta irreligious, fiú i éadaí.
D'oibrigh sé, mar a shíl Mrs Halla na Cathrach, an- fitfully.
Roinnt laethanta a bheadh sé ag teacht síos go luath agus a bheith gnóthach go leanúnach.
","OPUS QED, lines 12355 to 12364"
"""Dúirt sé go mbeadh sé ag glaoch arís ina dhiaidh sin, a dhuine uasail. ""
""Ní mór rud éigin a chur ar bun, Jeeves."" ""Sea, a dhuine uasail.""
Thug mé an mustache a twirl mhachnamhach.
Dhealraigh sé Gortaítear Jeeves le déileáil go maith, sin mé chucked é.
""Feicim an páipéar, a dhuine uasail, is é sin an tUasal Bickersteth uncail le teacht ar an
Carmantic. "" Is ea? ""
""A Grace an Diúc Chiswick, a dhuine uasail.""
Ba é seo an nuacht dom, go raibh uncail Bicky s diúc.
Rum, conas is beag a fhios ag duine faoi cheann amháin ar pals!
","OPUS QED, lines 8674 to 8683"
"Monarch Aonair an domhain uilíoch.
O, cad a bhí ina Beast mé chide ag dó!
An mbeidh tú ag labhairt go maith ALTRA de dó go kill'd do col ceathrar?
Déanfar Juliet mé tinn de labhairt dó go bhfuil mo fhear céile?
Ah, bocht mo thighearna, déanfar méid a dteanga réidh thy ainm, Nuair a bheidh mé, dot trí uair an chloig 'bhean chéile, mangled é? -
Ach wherefore, villain, didst tusa mo chol ceathrair a mharú?
Bheadh sé sin go bhfuil col ceathrar villain kill'd m'fhear céile:
Ar ais, Tears foolish, ar ais go dtí do earrach dúchais; bhaineann Do titeann fo-abhainn a mairg,
Cé acu ort, mistaking, a thairiscint suas go dtí áthas.
","OPUS QED, lines 20117 to 20126"
"'Tá siad ag déanamh le blacking, creidim.' 'Bróga agus bróga ísle faoi na farraige,' an
Gryphon Lean i nguth domhain, 'atá déanta le faoitín.
Anois a fhios agat. '
'Agus cad atá déanta acu de?' Iarr Alice i ton de fiosracht mór.
'Boinn agus eascoin, ar ndóigh,' d'fhreagair an Gryphon in áit mífhoighneach: 'aon séacla d'fhéadfaí a dúirt tú go. '
'Dá mba mhaith bhí mé ar an faoitín,' arsa Alice, a bhfuil a smaointe a bhí ag rith fós ar an amhrán, 'Ba mhaith Tá sé ráite agam leis an porpoise, ""Coinnigh ar ais, le do thoil:
Ní bhfuil muid ag iarraidh TÚ le linn!""'
'Bhí siad go bhfuil dualgas dó leo,' arsa an Turtle Bréige: 'ní bheadh ​​aon iasc ciallmhar dul in áit ar bith gan porpoise. "" nach mbeadh sé i ndáiríre? 'arsa Alice i ton of iontas mór.
'Ní Ar ndóigh,' ar an Turtle Bréige: 'cén fáth, má tháinig éisc ME, agus dúirt sé liom é bhí ag dul ar thuras, ba chóir dom a rá ""Le cad porpoise?"" '
","OPUS QED, lines 7123 to 7132"
"Is féidir liom a fheiceáil tá sé difriúil, ""fhreagair sí beagnach go báúil.
""Dare liom a rá tá sé mar níl a lán den sórt sin o 'Blacks ann ina ionad sin o' respectable daoine bán.
Nuair a chuala mé go raibh tú Comin 'ón India, shíl mé go raibh tú ró-dubh. ""
Mary shuigh suas i leaba buile.
""Cad é!"" A dúirt sí.
""Cad é!
Cheap tú go raibh mé ó dhúchas.
Tá tú - iníon leat a muc ""!
Martha Stán agus d'fhéach sé te.
","OPUS QED, lines 10446 to 10455"
"""B'fhéidir dá mbeadh a rinne a máthair agus a fear a aghaidh deas go leor manners oftener isteach sa phlandlann fhéadfadh Mhuire atá foghlamtha roinnt bealaí go leor freisin.
Tá sé an-brónach, anois is é an rud bocht imithe álainn, a mheabhrú go bhfuil go leor daoine riamh a fhios fiú go raibh sí ina leanbh ar chor ar bith. ""
""Creidim go bhfuil sí ar éigean riamh d'fhéach sé ar a,"" sighed Crawford Mrs.
""Nuair a bhí sí marbh Ayah raibh aon duine a cheap a thabhairt don rud beag.
Cuimhnigh ar an seirbhíseach a reáchtáil ar shiúl agus ag fágáil a n-aonar sa mhéid is go léir thréigthe bungaló.
Coirnéal McGrew dúirt sé beagnach léim amach as a gcraiceann nuair a d'oscail sé an doras agus fuair a seasamh ag í féin i lár an tseomra. ""
Mary rinne an turas fada go Sasana faoi chúram oifigigh bhean chéile, a bhí ag cur a leanaí a fhágáil leo i scoil chónaithe-.
Bhí sí go mór gafa ag a buachaill beag féin agus cailín, agus bhí sé in áit sásta
láimh an leanbh go dtí an bhean an tUasal Archibald Craven sheoladh chun freastal uirthi, i
","OPUS QED, lines 10141 to 10150"
"Breathnaíonn sé amhail is dá mbeadh sé i lár an spree colossal, agus taitneamh a bhaint as gach nóiméad de.
Ná gceapann tú amhlaidh, Jeeves? ""
""Tá sé aer decidedly inebriated, a dhuine uasail.""
Corky bhí ag tosú rud éigin le rá nuair a d'oscail an doras, agus an uncail tháinig isteach
Ar feadh thart ar thrí soicind go léir a bhí áthas, jollity, agus dea-thoil.
Chroith an buachaill sean lámha le liom, slapped Corky ar chúl, a dúirt nach raibh sé cheapann sé a bhí feicthe riamh den sórt sin ar lá breá, agus whacked a cos leis lena maide.
Bhí réamh-mheasta Jeeves féin isteach sa chúlra, agus ní raibh sé fógra dó.
""Bhuel, Bruce, mo buachaill; Is amhlaidh go bhfuil an phortráid críochnaithe i ndáiríre, é - i ndáiríre críochnaithe?
Bhuel, é a thabhairt amach.
","OPUS QED, lines 7902 to 7911"
"Dá bhrí sin, rinne sé amach a fháil a chorp uachtair an chéad leaba agus chas a cheann go cúramach i dtreo an imeall an leaba.
Bhainistiú sé é seo a dhéanamh go héasca, agus in ainneoin a leithead agus meáchan a mais comhlacht ag dhiaidh seo caite go mall casadh a cheann.
Ach mar a ardaíodh sé ar deireadh a cheann taobh amuigh den leaba faoin aer, bhí sé fonn maidir le dul chun cinn ar bith eile ar an mbealach seo, le haghaidh má cheadaítear sé é féin sa deireadh go dtitfidh an bpróiseas seo, tá sé bheadh ​​a ghlacadh chun cosc ​​a miracle a cheann ó gortaithe.
Agus ar na costais go léir nach mór dó a chailleadh Chonaic ceart anois.
Sé is fearr chun fanacht sa leaba.
Mar sin féin, tar éis iarracht den chineál céanna, cé go leagfaidh sé ann arís, sighing mar a rinneadh cheana, agus nuair a chonaic arís ar a géaga beaga ag troid le chéile, más rud ar bith níos measa ná níos luaithe, agus ní raibh seans ar bith a fheiceáil de fhorchur ciúin agus ord ar an ghluaiseacht treallach, a dúirt sé féin arís nach bhféadfadh sé b'fhéidir fanacht sa leaba agus go bhféadfadh sé a bheith an rud is réasúnach a sacrifice gach rud dá mbeadh fiú an slightest
Tá súil a fháil dó féin as an leaba sa phróiseas.
I láthair na huaire céanna, áfach, ní raibh sé dearmad a chur i gcuimhne dó féin ó am go ham ar an bhfíric go calma - go deimhin calmest - d'fhéadfadh machnamh a bheith níos fearr ná an chuid is mó cinntí ar dhaoine eatarthu.
Ag chuimhneacháin den sórt sin, d'ordaigh sé a gaze chomh cruinn is a d'fhéadfadh sé i dtreo na fuinneoige, ach ar an drochuair ní raibh mórán cheer muiníneach go raibh ó Sracfhéachaint ar an ceochán maidin, a bhfolach fiú ar an taobh eile de na sráide caol.
","OPUS QED, lines 4686 to 4695"
"""Tá mé aon rud a dhéanamh,"" a dúirt Máire.
""Ní dhéanfaidh aon ní a mbaineann dom.
Fuair ​​mé é féin agus fuair mé isteach é féin.
Bhí mé ach díreach cosúil leis an spideog, agus tá siad bheadh ​​ní ghlacfaidh sé as an spideog. ""
""I gcás go bhfuil sé?"" D'iarr Dickon i nguth thit.
Mistress Mary fuair suas as an logáil isteach ag an am céanna.
Bhí a fhios aici a mhalairt bhraith sí arís, agus obstinate, agus ní raibh sí cúram ar chor ar bith.
Bhí sí imperious agus Indiach, agus ag an am céanna te agus sorrowful.
""Tar liom agus beidh mé a thaispeáint duit,"" a dúirt sí.
","OPUS QED, lines 11913 to 11922"
"Ho deciso.. vi lascio davvero questa volta
Checce del cazzo
Faccio richiesta di reclutamento da loro
Loro si che sono un clan serio, datemi il link del loro Forum
Fanno il culo a tutti..
Le do il link al forum www.rfc.forumcommunity.net
Oibríonn an tionscnamh seo le paistí chun teanga eile a mhuineadh dóibh.
Chomh maith le peil a mhuineadh dóibh, muineann muid dóibh conas is feidir leo cumarsáid a dhéanamh le paistí ó thíortha eile
Ni imríonn na paistí peil in aghaidh a chéile, ní imríonn paistí Seiceach agus Gearmánach i gcoinne a chéile, i leaba sin, imríonn siad le chéile ar an bhfoireann céanna
","OPUS QED, lines 2680 to 2689"
"Ní raibh mórán de, ach bhí sé ar fad go dtí an pointe.
Is é seo a dúirt sé:
""MO Bobbie a chara, - tá mé ag dul ar shiúl.
Nuair a cúram tú go leor faoi dom a mheabhrú a ghuí tuairisceáin sona dom ar mo lá breithe, beidh mé ag teacht ar ais.
Beidh mo sheoladh Bosca 341, Nuacht, Morning Londain. ""
Léigh mé é faoi dhó, ansin dúirt mé, ""Bhuel, cén fáth nach bhfuil tú?""
""Cén fáth nach féidir liom cad é?""
""Cén fáth nach bhfuil tú ag iarraidh uirthi tuairisceáin sásta go leor?
Ní chuireann sé cosúil i bhfad a iarraidh. ""
","OPUS QED, lines 9421 to 9430"
"""Ach bhí tú ach ag dul a insint dom faoi seo Invisible Man anseo!"" Agóide the
Mariner.
An tUasal Marvel chuma dul i gcomhairle leis féin.
""Hoax,"" a dúirt Guth.
""It'sa hoax,"" a dúirt an tUasal Marvel.
""Ach tá sé sa pháipéar,"" a dúirt an Mariner.
""Hoax léir mar an gcéanna,"" a dúirt Marvel.
""Tá a fhios agam CHAP a thosaigh an bréag.
Nach bhfuil aon Invisible Man ar bith -
","OPUS QED, lines 13592 to 13601"
"""O, a dhéanamh air feadh a Amariah ar.
Níl sean Grandmam Stephens ann, - Dorcas, a thugann siad léi, - sí 's an chuid is mó ar altra amazin '.
Bíonn sí go nádúrtha fíor altranais, agus an't riamh níos oiriúnaí ná nuair a fhaigheann sí comhlacht tinn le claonadh.
Is féidir linn a áireamh ar casadh air os cionn léi ar feadh coicíse nó mar sin. ""
Tá turas ar uair an chloig níos mó a thabhairt ar an bpáirtí le teach feirme néata, i gcás an traochta
Fuarthas lucht siúil le bricfeasta flúirseach.
Tom Loker bhí luath agus go cúramach i dtaisce i leaba i bhfad níos glaine agus níos boige ná mar a bhí sé riamh a bhí i seilbh an nós.
A chréacht a bhí cóirithe agus bandaged go cúramach, agus leagfaidh sé languidly oscailte agus figiúirí shutting a shúile ar an fhuinneog bán-cuirtíní agus go réidh-gliding a seomra tinn, cosúil le leanbh traochta.
Agus anseo, don am i láthair, beidh muid a chur ar ár saoire páirtí amháin.
","OPUS QED, lines 16801 to 16810"
"Tá tú ag dul ar do uncail.
Tá a ainm an tUasal Archibald Craven. ""
""Níl a fhios agam aon rud mar gheall air,"" thiomsóidh Máire.
""Tá a fhios agam nach bhfuil tú,"" freagra Basil.
""Níl a fhios agat rud ar bith.
Cailíní riamh a dhéanamh.
Chuala mé athair agus a mháthair ag caint mar gheall air.
Tá sé ina chónaí i iontach, teach, mór d'aois desolate sa tír agus téann aon duine in aice dó.
Sé tras mar sin ní bheidh sé lig dóibh, agus tá siad ní bheadh ​​teacht dá mbeadh sé in iúl dóibh. .
","OPUS QED, lines 10123 to 10132"
"léamh tosú ar an bpointe boise chuir sé os cionn an domhain is ársa leathanach ciúin na sluaite faoi deara go raibh sé Cochran
lá atá inniu ann i 1967 an marmair athrú Peking a bheith fós léigear ar thoil na bhflaitheas mar i gcónaí
Sínis bhailiú fós anseo chun éisteacht le na guthanna a tharlaíonn díobhálacha Feicfidh muid agus an tá iarracht déanta chun cruth a gcuid smaointeoireachta
Tá fáil ina fhírinní uilíoch athrú dogma versus Confucius a reo a ceann discontent bodhar agus a n-turcaí choinsiasa nua-aimseartha an seó íomhá a bhí aige le daoine a múinteoir seanathair neamhurchóideacha beidh sé a fhoghlaim go siúd nach féidir leo léamh a chuid ceachtanna a brúite mianaigh atá ag dul in aois Ní mór scór fós as a stailceanna créatúir uachtar ar óg agus aosta ar an saol againn mhílíste fear beag ar troid an impiriúlachais us
láimhseáil ní mór dúinn fás suas
Taiwan d'aon ghnó ach ní bheidh mé a bheith aisghlaoch oibiachtúlacht do chuid is mó acu an oileán carraigeach nócha míle amach
Tá go leor bríonna go bhfuil sé an státaire atá fágtha deireanach a ndéileáiltear leo ar an dong órga
le John naisc leis arm American Tá resisted ach 600,000
láidir a aisling ath-conquest ach tharraing John seo a American is féidir leis a cheadú ar na trúpaí nó níos lú mura rud American é sin a dhéanamh an junto long labhraíonn sé ar mhórthír tSín eile bhagairt chun Formosa Tá flooded chung rinne an impiriúil ársa músaem de rí aoibhneas ocht gcéad bliain de ealaín Síneach siombail de roinnt tSín pacáistí áilleacht macalla deviousness an am atá caite go bhfuil drochriaracháin diabhal a bhí atá ag iarraidh a scriosadh almóinní
","OPUS QED, lines 18351 to 18360"
"Teacht isteach
- Réidh, Rainsford?
- Gach leagan síos.
Tá mé eagla críochnaithe againn dinnéar.
Ach tá mé d'ordaigh rud éigin ar do shon.
Go raibh maith agat.
Ní dóigh liom go mhaith ag ithe, cé.
Oh.
Bhuel, b'fhéidir níos déanaí.
","OPUS QED, lines 14346 to 14355"
"Halla i dTeach Capulet ar.
[Cuir isteach Capulet, Lady Capulet, Altra, agus Seirbhísigh.]
Sin, go leor aíonna CAPULET cuireadh a thabhairt mar go bhfuil eascaire anseo .--
[Scoir Seirbhíseach chéad uair.]
Sirrah, dul ar cíos dom fiche cócairí cunning.
2 seirbhíseach Beidh tú ag aon duine tinn, a dhuine uasail; do Bainfidh mé triail as an féidir leo
lick a méara.
Conas CAPULET canst thou triail a bhaint astu mar sin?
2 seirbhíseach Marry, a dhuine uasail, TIS 'le cócaireacht tinn nach féidir a lick a mhéara féin: dá bhrí sin, ní théann sé nach féidir a lick a mhéara liom.
","OPUS QED, lines 20677 to 20686"
"Ní raibh sí ""a dhéanamh ionas cló trom mar sin le rá,"" áfach, tar éis an tsaoil.
Ach bhí irritated a bhealach snubbing léi, agus Millie bhí am te de sé go tráthnóna.
D'fhan an cuairteoir go dtí an parlús 04:00, gan an taibhse de
leithscéal le haghaidh cur isteach.
Don chuid is mó a bhí sé go leor fós le linn an ama sin; go mbeadh sé shuigh sé san caitheamh tobac dorchadas ag fás sa tine - b'fhéidir dozing.
Uair nó dhó a d'fhéadfadh ina éisteoir aisteach gur chuala dó ag an coals, agus as an spás cúig nóiméad a bhí sé inchloiste pacing an seomra.
Dhealraigh sé a bheith ag caint leis féin.
Ansin creaked the cathaoireach mar a shuigh sé síos arís.
CAIBIDIL II MR.
","OPUS QED, lines 12079 to 12088"
"Áit There'sa i coillte ú 'páirc anseo nuair níl snowdrops ag na mílte.
Tá siad ar an radharc deise i Yorkshire, nuair a thagann an earraigh ú '.
Fhios ag aon duine nuair a chuireann siad a bhí curtha chéad uair. ""
""Is mian liom an earrach a bhí anseo anois,"" arsa Máire.
""Ba mhaith liom a fheiceáil na rudaí a fhásann i Sasana.""
Bhí sí a dinnéar críochnaithe agus imithe chun a suíochán is fearr leat ar an rug-teallaigh.
""Is mian liom - Is mian liom go raibh mé beagán spád,"" a dúirt sí.
""Cibé rud a dhéanann iarraidh taobh 'ina spád do?"" D'iarr Martha, ag gáire.
""Ealaín tha 'goin' a ghlacadh chun Diggin '?
","OPUS QED, lines 11513 to 11522"
"leaba, a Bend síos lena n-ualach, agus ansin amháin a foighne agus cúraim a fheidhmiú chríochnaigh sé an smeach isteach ar an urlár, áit a
Bheadh a cosa dhíspeagtha ansin, súil aige, a fháil ar na críche sin.
Anois, tá go leor seachas an bhfíric go raibh na doirse faoi ghlas, ba chóir dó glaoch i ndáiríre amach chun cabhair a fháil?
In ainneoin a chuid anacair go léir, bhí sé in ann a chur faoi chois gáire ag an smaoineamh seo.
Fuair sé go raibh cheana féin go dtí an pointe más rud é, ag rocking níos láidre, a chothabháil sé a cothromaíochta le deacracht, agus go han-luath a bheadh aige ar deireadh chun cinneadh a dhéanamh, i cúig nóiméad go mbeadh sé ina 07:15.
Ansin bhí fáinne ag an doras ar an árasán.
""Sin é an duine as oifig,"" a dúirt sé féin, agus froze sé beagnach fad a géaga beaga damhsa ach ar fud fad an níos tapúla.
I gcás amháin d'fhan nóiméad gach rud go fóill.
""Nach bhfuil siad oscailt,"" a dúirt Gregor leis féin, ghabháil suas i roinnt dóchas áiféiseach.
","OPUS QED, lines 15042 to 15051"
"Nuair a thosaigh ag seinm an veidhlín, bhí siad aireach, fuair suas, agus chuaigh sé ar tiptoe go dtí an doras halla, d'fhan siad ina seasamh ag a brúite suas in aghaidh duine eile.
Ní mór dóibh a bheith inchloiste ón gcistin, mar gheall ar a dtugtar an t-athair amach
""B'fhéidir nach bhfuil na gentlemen cosúil leis an imirt?
Is féidir é a stopadh ag an am céanna. ""
""Ar a mhalairt,"" dúirt an lodger i lár, d'fhéadfadh nach bhfuil ""an bhean óg a thagann isteach chugainn agus spraoi sa seomra anseo, áit a bhfuil sé i ndáiríre i bhfad níos compordaí agus níos ghealgháireach? ""
""Ó, buíochas a ghabháil leat,"" adeir an t-athair amach, amhail is dá mba é an ceann ag seinm an veidhlín.
Na fir neartófaí cur ar ais isteach sa seomra agus waited.
Go gairid tháinig an t-athair leis an seastán ceol, an mháthair leis na bileoga ceoil, agus an deirfiúr leis an veidhlín.
An deirfiúr ullmhaithe calmly gach rud le haghaidh an aithris.
","OPUS QED, lines 21575 to 21584"
"Mar sin, gur tháinig mé ar an tuairim sin, más rud é amháin nach raibh sean-daor Bobbie dearmad chun dul go dtí na bainise, bhí siad seans spóirt a bheith sásta go leor.
Bhuel, a ligean ar brisk suas le beagán anseo, agus bliain léim.
Ní dhéanann an scéal tús a chur i ndáiríre till ansin.
Thóg siad cothrom agus socraithe síos.
Bhí mé isteach agus amach as an áit go leor le déileáil go maith.
Choinnigh mé mo shúile ar oscailt, agus gach rud a chuma liom a bheith ag rith feadh chomh réidh agus is
D'fhéadfadh gur mhaith leat.
Má bhí an pósadh, shíl mé, ní raibh mé in ann a fheiceáil cén fáth go raibh eagla comhaltaí sin de.
Bhí a lán rudaí níos measa a d'fhéadfadh tarlú le fear.
","OPUS QED, lines 9246 to 9255"
"Rud ar imithe cearr leis an rud darned.
Is é mo mhórthuairim príobháideach, gan a fhios agam é, tá mé d'oibrigh go stunt that
Sargent agus iad siúd a comhaltaí tarraingt - péintéireacht an anam an Peata.
Tá mé tríd an gcuma ach ní bhíonn ach amach, agus go bhfuil an pháiste a anam ar chanbhás. "" D'fhéadfadh Ach tá leanbh den aois Soul mar sin?
Ní féidir liom a fheiceáil conas a d'fhéadfadh sé a bainistíodh é ar an am.
Cad a cheapann tú, Jeeves? "" Amhras liom é, a dhuine uasail. ""
""Tá sé - nach bhfuil sé cineál leers ag tú, é?""
""Tá tú faoi deara, freisin?"" A dúirt Corky.
""Ní dóigh liom a fheiceáil conas a d'fhéadfadh cabhrú noticing amháin.""
","OPUS QED, lines 7890 to 7899"
"Chuala sí ansin go soiléir an ceap, stuáil, stuáil na cosa arbh fhéidir teacht amach as an tadhlach feistis-seomra agus ag siúl ar feadh an sliocht i dtreo an staighre.
Mar a luaithe agus mhothaigh sí cinnte de seo, aroused sí an tUasal Rev Bunting chomh socair le is féidir.
Ní dhearna sé éadrom a bhaint amach, ach a chur ar a chuid spéaclaí, h-chóiriú agus a gúna slipéir folctha, chuaigh sé amach ar an dtír a éisteacht.
Chuala sé soiléir go leor le fumbling ar siúl ag a chuid staidéar deisce síos-staighre, agus ansin a sneeze foréigneach.
Ag an fhill sé ar a sheomra leapa, armtha é féin leis an arm is soiléire, an poker, agus shliocht an staighre chomh noiselessly agus is féidir.
Mrs Bunting tháinig amach ar an tuirlingt.
An uair a bhí thart ar cheithre, agus an dorchadas na hoíche deiridh a bhí caite.
Bhí shimmer faint an tsolais sa halla, ach an doras staidéar yawned impenetrably dubh.
Gach rud a bhí fós ach amháin an creaking faint an staighre faoi Mr Bunting ar tread, agus na gluaiseachtaí beag sa staidéar.
","OPUS QED, lines 12533 to 12542"
"'Sin é an píosa is tábhachtaí ar fhianaise a éisteacht a fháil againn go fóill, ""arsa an Rí, chuimil sé a lámha; 'mar sin in iúl anois an giúiré -'
'Más féidir aon cheann acu a mhíniú dó,' arsa Alice, (bhí méadú sí chomh mór sin ar an deireanach cúpla nóiméad go wasn'ta sí beagán eagla cur isteach air,) 'beidh mé a thabhairt dó sé phingin.
Ní chreideann I a dhéanamh níl adamh bhrí ann. '
An giúiré Scríobh síos go léir ar a n-sclátaí, 'Ní chreideann DI níl adamh bhrí ann, 'ach aon cheann acu iarracht a mhíniú ar an bpáipéar.
'Má níl aon bhrí ann,' arsa an Rí, 'go Sábhálann saol na trioblóide, tú
Tá a fhios, ós rud é nach gá dúinn iarracht a dhéanamh teacht ar aon.
Agus fós Níl a fhios agam, 'chuaigh sé ar aghaidh, leathadh amach na véarsaí ar a ghlúin, agus ag féachaint orthu le súil amháin; 'Is cosúil mé a fheiceáil roinnt bhrí iontu, tar éis an tsaoil. ""- Ní raibh mé ag snámh SIN -""?
Ní féidir leat snámh, is féidir leat 'a dúirt sé, ag casadh ar an Knave.
The Knave shook a cheann Faraor.
","OPUS QED, lines 7425 to 7434"
"""Mo nóta-pháipéar.
Príobháideacha""
""Goidte.""
""Tá mo shéala féin.""
""Aithris.""
""Mo ghrianghraf.""
""Cheannaigh.""
""Bhí muid araon sa ghrianghraf.""
""Ó, a stór!
","OPUS QED, lines 2097 to 2106"
"Maiseanna unaccountable den sórt sin de shades agus scáthanna, go bhfuil ar dtús cheap tú beagnach roinnt ealaíontóir óg uaillmhianach, i n-aimsir an Sasana Nua hags, go raibh iarracht déanta ag shainiú chaos bewitched.
Ach trí dint oirchill i bhfad agus earnest, agus arís agus arís eile ponderings oft, agus go háirithe ag caitheamh a oscailt fuinneog beag i dtreo an chúl an iontráil, tá tú i ag deireanach teacht ar an tuairim go den sórt sin smaoineamh, áfach, nach mbeadh fiáin, a bheith ar fad gan údar.
Ach bhí rud is mó a puzzled and confounded tú le fada, limber, portentous, mais dubh de rud éigin hovering i lár an pictiúr níos mó ná trí gorm, ingearacha dim,
línte snámh i giosta nameless.
A, seascannach de ghnáth soggy, pictiúr squitchy go fírinneach, go leor a thiomáint le fear neirbhíseach distracted.
Ach bhí ann saghas éiginnte, sublimity leath-ghnóthú, unimaginable mar gheall air go froze cothrom tú dó, till ghlac tú go neamhdheonach mionn le tú féin a fháil amach cad a chiallaigh go péintéireacht marvellous.
Bheadh ​​riamh agus anon smaoineamh geal, ach, alas, deceptive DART tú trí .--
Tá sé an Mhuir Dhubh i gála meánoíche .-- Tá sé an chomhrac mínádúrtha de na ceithre heilimintí primal .-- blasted fraochmhá It'sa .--
It'sa radharc gheimhridh Hyperborean .-- Tá sé an-bhriseadh suas ar an sruth icebound Ama.
","OPUS QED, lines 3664 to 3673"
"Sin Queer.
Tá sé unlocked.
Zaroff!
Sé ag teacht síos.
Ar ais anseo, mear!
Más rud é mo dheartháir?
Mharaigh tú air!
Maraíodh leat mo dheartháir!
Duit!
","OPUS QED, lines 14672 to 14681"
"A quel punto siamo riusciti ad uccidere tutti e Stainer era il solo sopravvissuto, doveva solo Disinnescare
Quindi a quel punto Stainer ha disennescato e abbiamo vinto la CW...
Benissimo
My Fhurer.....
Stainer..
Stainer non ha visto la Claymore di KariKa
E' saltato in aria e abbiamo perso la CW
Tutti quelli che non usano Specialità Rapporto Restino
Gli altri se ne vadano
","OPUS QED, lines 2647 to 2656"
"Tháinig a shíneann chomh crua le go bhféadfadh sé i dtreo dom. ""'Buíochas le Dia,' adeir sé.
'Feicfidh tú a dhéanamh.
Come!
Come! '
""'Cad é sin?'
D'iarr mé. ""'Come, fear, teacht, ach trí nóiméad, nó
Ní bheidh sé dlíthiúil. '
""Bhí mé leath-dragged suas go dtí an altóir, agus sula raibh a fhios agam nuair a bhí mé a fuair mé mé féin freagraí mumbling whispered a bhí i mo chluas, agus dheimhnithe le haghaidh rudaí atá agam
Bhí a fhios rud ar bith, agus go ginearálta cuidiú le
","OPUS QED, lines 2280 to 2289"
"Chomh fada is a chuala mé go bhfuil sé dodhéanta dom a rá cé acu an bhfuil an cás i láthair a
Is mar shampla na coireachta nó nach bhfuil, ach le linn na n-imeachtaí cinnte i measc an chuid is mó uatha gur éist mé riamh.
B'fhéidir, an tUasal Wilson, a bheadh ​​agat ar an cineáltas mór a atosú do inste.
Iarraim ort nach bhfuil iontu ach ós rud é nach bhfuil mo chara Dr Watson chuala an chuid oscailt ach freisin, mar a dhéanann an cineál aisteach an scéal fonn orm go bhfuil gach mion féidir a fháil ó do liopaí.
De ghnáth, nuair a chuala mé roinnt léargas beag ar an gcúrsa na n-imeachtaí, tá mé ag in ann mé féin a threorú ag na mílte de chásanna eile dá samhail a tharlaíonn do mo cuimhne.
Ar an gcéad dul faoi láthair iachall orm a admháil go bhfuil na fíricí, a mhéid is mo chreideamh, ar leith. ""
An cliant portly puffed amach a cófra le cuma éigin bród beag agus ceirteacha nuachtán salach agus wrinkled ón taobh istigh a greatcoat póca.
Mar spléach sé síos an colún fógra, le sá a cheann ar aghaidh agus an páipéar leacaithe amach ar a ghlúin, ghlac mé le breathnú go maith ag an fear agus iarracht, i ndiaidh an faisean de mo chompánach, a léamh na sonraí ad'fhéadfadh a bheith i láthair ag a gúna nó chuma.
Ní raibh mé a fháil go mór, mar sin féin, trí mo cigireachta.
","OPUS QED, lines 1300 to 1309"
"Ní maith liom cad a dhéanann tú guys, ach nach bhfuil mé Ní gonna meascán seo agus ag dul a insint duit cad a dhéanamh.
An bhfuil a fhios agat ach a bhfuil a muinín, ní hamháin brath ar dom.
Níl mé gonna é a dhéanamh.
Ní féidir liom muinín mo dheartháir.
Tá tú an t-aon amháin ar féidir liom iontaobhais.
Tá sé seo nuair is gá i tú an chuid is mó.
Ned mé tú anois.
Ní féidir liom gá duit i Los Angeles.
Níl mé gonna é a dhéanamh daid, Más mian leat a tharraingt an gunna agus scaoil mé ceart anseo.
","OPUS QED, lines 15696 to 15705"
"Oíche amháin - bhí sé ar an fichiú
Márta, 1888 - bhí mé ag filleadh ó turas d'othar (do bhí d'fhill mé anois chleachtas sibhialta), nuair a thug mo bhealach liom trí
Sráid Baker.
Mar a ritheadh ​​mé an doras-mheabhrú go maith, a
Ní mór i gcónaí a bheith comhlachaithe i mo intinn le mo shúirí, agus leis an teagmhais dorcha de
Staidéar i Scarlet, a urghabhadh mé le mhian fonn a fheiceáil arís Holmes, agus chun
Tá a fhios conas a bhí sé a fhostú neamhghnách cumhachtaí.
A seomraí bhí brilliantly lit, agus, fiú mar a d'fhéach mé suas, chonaic mé a arda, spártha figiúr pas faoi dhó i scáthchruth dorcha i gcoinne an dall.
Bhí sé pacing an seomra go tapa, go fonnmhar,
","OPUS QED, lines 1874 to 1883"
"Fuair ​​sí suas agus chuaigh sé chun an tábla a thomhas di féin aige, agus fuair sé, chomh fada agus is bhféadfadh sí buille faoi thuairim, go raibh sí anois ag thart ar dhá troigh ar airde, agus a bhí ar siúl ag crapadh go tapa: fuair sí amach go luath an chúis seo
Bhí an lucht leanúna bhí sí shealbhaíochta, agus thit sí é hastily, díreach in am a sheachaint crapadh ar shiúl ar fad.
'Sin WS ar éalú caol!' Arsa Alice, le déileáil go maith eagla ag an t-athrú tobann, ach an-sásta a fháil di féin fós ann; 'agus anois don ghairdín!' agus
Rith sí le gach luas ais go dtí an beagán doras: ach, alas! dúnadh an doras beag arís, agus an eochair beag órga a bhí ina luí ar an tábla gloine mar roimh, 'agus tá rudaí níos measa ná riamh,' cheap na mbocht
leanbh, 'riamh le haghaidh a bhí mé chomh beag mar seo roimh, riamh!
Agus dearbhaím go bhfuil sé ró-olc, go bhfuil sé! '
Mar a dúirt sí léi ar scór na focail seo a thit, agus i láthair eile, splancscáileán! go raibh sí suas di smig sa sáile.
Bhí a chéad smaoineamh gur thit sí ar bhealach isteach san fharraige, 'agus sa chás sin mé
Is féidir dul ar ais ag iarnróid, 'a dúirt sí léi féin.
","OPUS QED, lines 5902 to 5911"
"Romeo!
Juliet Cad beannaithe diabhal, go dost crá dom mar sin?
Ba chóir é seo a chéasadh roar'd i ifreann brónach.
Hath Romeo do marbhadh é féin?
Deir tu ach tá mé,
Agus go bhfuil guta lom beidh mé níos mó ná an tsúil nimhe bás-darting de cockatrice:
Níl mé mé má tá mé a bheith den sórt sin; Nó siúd a súile dúnta a dhéanamh ort freagra I.
Má tá sé do marbhadh, a rá liom; nó mura bhfuil, aon: fuaimeanna Achomair a chinneadh de mo weal nó mairg.
ALTRA chonaic mé an fhoirceannadh, chonaic mé é leis na súile mianach, -
","OPUS QED, lines 20068 to 20077"
"""Breathnaíonn cosúil le slua síos an cnoc,"" a dúirt sé, ""ag 'The Cricketers,'"" agus d'fhan
lucht féachana.
As sin wandered a shúile ar fud an bhaile chun i bhfad ar shiúl i gcás Scairt na long 'soilse, agus an gcé glowed - beagán soilsithe, Pailliún facetted cosúil le GEM den dath buí solais.
An ghealach ina chéad ráithe crochadh thar an cnoc siar, agus na réaltaí a bhí soiléir agus beagnach tropically geal.
Tar éis cúig nóiméad, ar lena linn a bhí a intinn a thaistil isteach i tuairimíocht iargúlta coinníollacha sóisialta ar an todhchaí, agus cailleadh é féin ar an ngné seo caite thar am, an Dr
Kemp roused féin le osna, ceirteacha tarraingthe síos an fhuinneog arís, agus d'fhill ar a dheasc scríbhinn.
Caithfidh sé a bheith thart ar uair an chloig tar éis dó seo ná gur ghlaoigh an clog doras tosaigh.
Bhí sé ag scríobh slackly, agus le tréimhsí astarraingt, ós rud é an shots.
Shuigh sé ag éisteacht.
","OPUS QED, lines 13815 to 13824"
"le psychopath chuideachta déag nó dhá mhíle dhéag cantina kissling go díreach
lá atá inniu ann do swing dara léamh a fháil ar sciatháin ag brath ar an
MATLAB a ligean ar iarracht arís eile den uisce díreach os cionn dhá mhíle dhéag gallúnacha dhá míle sé chéad maith é go bhfuil suas le cúig mhíle dhéag den stuif ar ais ar sé cúlra anseo tá sé faoi cheann tríocha má tá sé ann
Sp speisialtóireacht in áit chinn mé triail a bhaint agus atá feicthe againn ar an taobh na díoltóirí ticéad eitleáin níos ísle ar a laghad go dtí ar ais tar éis an mbóthar tacaíocht síos ar an bhfón leis na mairnéalach eile ar ais síos ar an díol cheana California tá ag siúl ach cad é an méid is féidir leat é sin a dhéanamh deich míle fiche troigh
I mo thuairimse, tá a fhios agat cad a chiallaíonn go bhfuil nuair a gheobhaidh tú gur de chineál ar titim díreach amach mar bhogann tú ar shiúl ciallaíonn sé go bhfuil i ndáiríre Is é acmhainní foinse ceart ann i an t-uisce agus tá siad neamhaird a dhéanamh ach ar an bhfíric go ALLENDALE Contae Tá riosca ard ráta báis ailse sa stát athair ag obair sa ghléasra sula n-oibríonn sé ar fiche sé bliana amach ann go raibh ceann de na cúiseanna is mó gur mhaith liom a bheith ag obair amach ann tochailte
lig dom labhairt faoi i dteanga den sórt sin a mhór i post iontach a fhios agat mo athair bás Lúnasa seo caite go cúramach air Bhí ar lucht déanta luas nuair a bhásaigh sé i Meitheamh na 1961 raibh siad lonnaitheoirí i ndáiríre daoine a thabhairt suas trí lá tréimhse a bhí sé céad agus caoga uair an méid a tharla ag trí mhíle oileáin radaighníomhach iaidín agus ansin tá plandaí a ghreamú rá agus go bhfuil an abhainn Savannah plandaí i roinnt chiall agus gur mhaith agus tá siad na timpistí a tharla nach bhfuil aon ní bhíonn siad athair ag obair ar raibh an phláinéid go leor de na cásanna ródháileoige pearsanta a fuair radaíochta symbolized go mbeadh an banc Ná lig dó teacht abhaile lena theaghlach i síos ní féidir liom suí siar agus a bheith ciúin rud rud ar bith faoi sé ar tí é a fiú ag siúl anois ar fud conas a lán daoine go mbeadh sé ar an ceart anois díreach ó dhaoine atá siad ar eolas as an phláinéid daoine Mostly a bhí go bunúsach ar siúl thart anaithnid ní ar sin an méid a dúirt mé i
Sílim go bhfuil sin iad a chosaint i gcoinne an arm Tá go pearsanta coveralls iliomad Paula iad a chosaint ó éilliú nach bhfuil tú a fhios agat atá tú sraitheanna a fuair a chlog ar sin ní gá duit a fháil an t-éilliú ar do chraiceann an radaíocht caidreamh airgeadais léi trí dúradh linn go raibh sé ina plandaí athphróiseála gach rud a bhí sábháilte thóg siad cúram de gach suas díobhálach rudaí a d'fhéadfadh a thagann chomh maith
Shíl muid go raibh sé go hiomlán sábháilte ach ag obair ann a ghlacann sé in ár radaíocht tosaigh ansin sonraí uh ... an cuóta ar feadh bliana i thart ar dhá bhliain go leith go trí nóiméad curtha sa chlár seo agus a thabhairt ar leibhéal
leibhéal cúlra ach de radaíocht gháma
","OPUS QED, lines 14111 to 14120"
"Tá sé ach cóir comhairle a thabhairt duit i gcoinne Hollow Ceo.
Fichille Allamuigh, an tUasal Rainsford.
Ná ní chailleann do nerve.
Beidh muid buille rud seo.
- Ní raibh daoine eile.
- Déanfaimid.
Tar ar.
Bímis ag dul a fháil.
Dealraíonn sé mar cé go againn míle teacht.
","OPUS QED, lines 14767 to 14776"
"Mar sin, shuigh sí ar aghaidh, leis na súile dúnta, agus an leath eile chreid í féin in Wonderland, cé sí
Bhí a fhios aici go raibh ach iad a oscailt arís, agus go mbeadh gach athrú ar réaltacht dull - an féar a bheadh ​​ach rustling sa ghaoth, agus an
linn snámha rippling le waving an giolcacha - bheadh ​​an teacups rattling athrú tinkling caorach-bells, agus na Banríona cries shrill chuig an guth an aoire buachaill - agus an leanbh ag sraothartach, an shriek an Gryphon, agus na fuaimeanna eile Queer bheadh, athrú (fhios aici) go dtí an clamor mearbhall clós na feirme-ghnóthach - cé leanas ar an eallach i mbeadh achar a chur ar an áit an Turtle Bréige ar sobs trom. , Sa phictiúr Ar deireadh sí í féin conas a dhéanfaí an deirfiúr céanna beag dá cuid, sa tar éis an-am, í féin bean fásta; agus an chaoi a mbeadh sí a choinneáil, trí mheán a riper go léir bliana, an croí simplí agus grámhara a
-óige: agus an chaoi a bhailiú go mbeadh sí faoina leanaí beag eile, agus A a dhéanamh súile geal agus fonn a bhfuil scéal ar a lán aisteach, b'fhéidir fiú leis an aisling
Iontach le fada ó shin: agus an chaoi a mbeadh sí bhraitheann le gach a n-sorrows simplí, agus tá áthas ar gach a n-simplí sólás a fháil, cuimhneamh ar a leanbh-saoil, féin agus na laethanta an tsamhraidh sásta.
DEIREADH &gt;
CAIBIDIL 1 fágtar faoi JEEVES
Jeeves - mo fear, tá a fhios agat - tá an chuid is mó i ndáiríre ar CHAP neamhghnách.
Mar sin, in ann.
","OPUS QED, lines 7475 to 7484"
"Bhí mé mar sin leithscéal darned for Corky d'aois bochta nach raibh mé ar an chroí a dteagmháil mo bricfeasta.
D'inis mé Jeeves-ól dó féin.
Bhí mé bowled os a chionn.
Go hiomlán.
Bhí sé an teorainn.
Bhí a fhios agam cad atá le déanamh ar éigean.
Bhí mé, ar ndóigh, a Rush síos go Washington Cearnóg agus grip na mbocht blighter ciúin ag an láimh; agus ansin, ag smaoineamh sé os cionn, ní raibh mé an nerve.
Chuma cóireáil as láthair an dteagmháil.
Thug mé é dó i dtonnta.
","OPUS QED, lines 7794 to 7803"
"Ní raibh sí chreidiúint go raibh sí ag labhairt leis an fhírinne. &gt;
CAIBIDIL VI ""BHÍ ANN ROINNT ag caoineadh A hAON - ANN WS!""
An chéad lá eile poured an bháisteach síos i torrents arís, agus nuair a d'fhéach Mary as h fhuinneog an moor bhí i bhfolach beagnach ag Mist liath agus scamall.
D'fhéadfadh go mbeadh aon dul amach inniu.
""Cad a dhéanann tú i do teachín nuair atá báisteach ann mar seo?"" D'iarr sí Martha.
""Déan iarracht a choinneáil faoi gach ceann eile ó na cosa den chuid is mó,"" freagraíodh Martha.
""Eh! ann nach cosúil go leor againn ansin.
Faigheann Mother'sa dea-tempered bean ach tá sí cothrom moithered.
Na cinn is mó a théann amach i ú 'chaillfidh bó-agus drámaí ann.
","OPUS QED, lines 10938 to 10947"
"""Ní Feicfidh tú go bhfuil a fhoghlaim a imirt cosúil le leanaí eile nuair nach bhfuil siad deirfiúracha fuair agus deartháireacha.
Téann ár Dickon amach ar ú 'moor sé féin ina' drámaí do uair an chloig.
Sin é an chaoi a rinne sé cairde le pony ú '.
Sé fuair caoirigh ar 'moor go bhfuil a fhios dó, ar' ú éin a itheann réir mar a thagann le 'as a
láimhe.
Mar sin féin is beag nach bhfuil a ithe, sé i gcónaí
Sábhálann o beagán 'a chuid aráin a coax a peataí. ""
Bhí sé seo i ndáiríre lua Dickon a rinne Máire cinneadh a dhéanamh chun dul amach, cé go raibh sí ní faoi deara é.
Ba mhaith a bheith ann, éin lasmuigh cé go
","OPUS QED, lines 10573 to 10582"
"Is é an seomra i gcás sí anois chuaigh muid go bhfuil an marcóir dul go dtí an reilig níos déanaí
liostaithe seo mesmo clár Cuban
Plattsburgh ny
Riamh roimh an a fhios agam de Tá a fhios nuair a bhfuil eochair melva fuck you cad é an leabhar a ligean ar bhriseadh oscailte tar éis gach ceann de na drugaí youporn ceart go leor faoi a lán de na bródúil as cupán dul
Andrea
Is ponc an leabhar an bhliain seo chugainn
Meitheamh deichiú phacáiste amháin punt páipéar dhá dhosaen clúdaigh fiche cúig dhá cent stampaí fiche cúig cinn amháin ar ais buidéal ó Penang nó tá siad na stampaí ceart ar ais ag an leathanach
Ní raibh greannmhar a chur air i an deasc sa leabharlann an-greannmhar do fiche ceathair dhá cent stampaí agus fiche cúig cinn freagraí a mharú anseo uaigneach gan tú riosca na n-áitritheoirí AST op uh ... againn Bainim nuair bleachtaireachta arís gnéas nuair a bheidh an cheist i scríbhinn tú focal a tháinig ó ceant ex-cop catapult nó a mharú a bhfuil deara
D'fhéadfadh sí a fheiceáil go bhfuil sé an taifeadán guth
","OPUS QED, lines 21916 to 21925"
"Anseo ansin saluted fir chéile, agus éisteacht a fháil agus d'inis an nuacht, agus chuaigh sé a n- bealaí arís.
Póir ar both ar seasamh ach dosaen bliain ó shin, cé go raibh sé fada neamháitithe.
Bhí sé mar gheall ar an méid mianach.
Bunaíodh é ar an tine ag buachaillí mischievous, ceann amháin
Oíche Toghcháin, más rud é nach féidir liom botún.
Cónaí orm ar an imeall an tsráidbhaile ansin, agus gur chaill mé féin díreach os cionn Davenant ar
""Gondibert,"" go geimhreadh go deacair mé le táimhe - a, dála an scéil, ní mé
Bhí a fhios cé acu a mheas mar theaghlach gearán, a bhfuil uncail a théann chun codlata bearrtha féin, agus tá sé d'oibleagáid ar prátaí sprout i Domhnach cellar, d'fhonn a choinneáil ar awake agus an Sabbath a choinneáil, nó mar thoradh ar mo iarracht a léamh
Collection Chalmers 'filíochta Béarla gan bacadh.
","OPUS QED, lines 17805 to 17814"
"Mar gheall ar do ghnó, mam marbh.
Bás!
Ní dóigh liom go bhfuil mamaí.
Tá mé díreach tar éis a daidí atá ar Ní ró-ghnóthach le daoine a mharú, barróg a mhac nó grá dá theaghlach.
Tá mé tinn de seo.
Níl mé ag iarraidh é seo a dhéanamh.
Cén fáth a bhfuil tú ag tabhairt suas stuif seo d'aois.
Seo Tá fuair faic a dhéanamh le rud ar bith.
Chuir mé tú chuig na scoileanna is fearr i Moscó.
","OPUS QED, lines 15644 to 15653"
"Is breá le haghaidh pricking prick, agus buille tú grá síos .-- Tabhair dom cás a chur i mo visage:
[.
Chur ar masc]
A visard do visard! cad cúram mé Cad doth súl aisteach deformities ceanglófar?
Seo iad na ciaróg-brows Beidh blush dom.
BENVOLIO Come, cnag agus cuir isteach; agus ní túisce i
Ach gach fear dó betake ar a cosa.
Romeo A tóirse dom: ligean wantons, solas de chroí, Tickle an luachair senseless lena n-heels;
Chun Táim proverb'd le frása grandsire, - beidh mé a bheith ina coinneal-sealbhóir agus breathnú ar, -
","OPUS QED, lines 19076 to 19085"
"Romeo Níl aon domhan gan ballaí Verona,
Ach purgatory, céasadh, ifreann féin.
Dá réir sin-ionnarbadh é banish'd ó fud an domhain,
An bhfuil ansin hionnarbadh bás mí-term'd - agus tá sé ar deoraíocht domhan bás,: glaoch díbirt bás,
Cutt'st tu mo cheann amach le tua órga, Agus smil'st ar an stróc a dúnmharuithe dom.
Bráthair O pheaca deadly!
O unthankfulness drochbhéasach!
Thy locht glaonna inár ndlí bháis; ach an Prionsa chineál, Ag tabhairt dod chuid, hath brush'd an dlí a chur ar ceal,
Agus turn'd go bás focal dubh le díbirt:
","OPUS QED, lines 20177 to 20186"
"Celine!
Hey leanbh.
Bhí mé a nightmare.
Tá brón orm.
Shamhlaigh mé gur tháinig mo uncail ó Moscó agus mharaigh gach mo chairde agus mharaigh tú, agus tá muid phós agus ...
Mar sin, cad atá cearr gur phós muid?
Níl sé go díreach fuair bás mo chairde go léir, agus tú ...
Ná bíodh imní ort, tá mé anseo.
Tá mé glaoch.
","OPUS QED, lines 16316 to 16325"
"Mar sin, bheadh ​​an fear beag go leor impudent dramhaíola ina cluas i maidin; till ag caite, urghabháil amháin éigin níos faide agus plumper, i bhfad níos mó ná é féin, agus sciliúil cothromú sé, bheadh ​​sé leagtha amach
leis na coillte, cosúil le Tiger le buabhall, ag an céanna zig-zag chúrsa agus go minic sosanna, scratching in éineacht leis amhail is dá mba ró-throm dó agus a thagann go léir agus, ag déanamh a chuid titim a trasnánach ingearach agus cothrománach idir, á chinneadh chun é a chur tríd an tráth ar bith ráta; - ina comhalta singularly shuaibhreosach agus phobail den chéad uair; - agus mar sin bheadh ​​sé a fháil amach le sé áit a raibh cónaí air, b'fhéidir é a sheoladh go dtí an barr de chrann giúise daichead caoga slata nó i bhfad i gcéin, agus ba mhaith liom a fháil ina dhiaidh sin ar an cobs strewn faoi ​​na coillte i dtreonna éagsúla.
Ag fad a thiocfaidh na jays, a bhfuil a neamhréireach screams éisteadh fada roimh, mar atá siad
Bhí a dhéanamh ar a gcur chuige warily ar ochtú de thalamh míle, agus i stealthy sneaking bhealach flit siad ó crainn a crann, níos gaire and níos gaire, agus Pioc suas an Kernels a bhfuil ioraí thit.
Ansin, ina suí ar pháirc bough péine, iad ag iarraidh a swallow i gcuid haste a eithne atá ró-mhór as a scornach and chokes iad; agus tar éis saothair mór dóibh disgorge sé, agus uair an chloig a chaitheamh sa iarracht a crack dó le blows arís agus arís eile lena gcuid billí.
Bhí siad go follasach thieves, agus bhí meas agam nach bhfuil i bhfad dóibh; ach ioraí, cé ag cúthail dtús, chuaigh sé ag obair amhail is dá mba iad ag cur an méid a bhí ina n-aonar.
Idir an dá linn tháinig freisin an chickadees i dtréada, a bhí, ag piocadh suas an crumbs the
Bhí thit ioraí, flew chuig an craobhóg is gaire, agus iad a chur faoina crúba, hammered as baile ag freastal orthu lena n-beag billí, amhail is dá mba feithidí sa coirt, till go raibh siad ag laghdú go leor le haghaidh a n-scornach slender.
Tréad beag de na titmice Tháinig laethúil a phiocadh amach as mo woodpile dinnéar, nó an crumbs ag mo doras, le nótaí flitting faint lisping, cosúil leis an tinkling of icicles san fhéar, nó eile leis an lá sprightly
","OPUS QED, lines 18005 to 18014"
"""Nach bhfuil tú an-leochaileach ó thuas,"" dúirt Holmes mar a bhí sé suas an lantern and gazed mar gheall air.
""Ná ó thíos,"" a dúirt an tUasal Merryweather, buailte a bata ar na bratacha a
lined an urlár.
""Cén fáth, a stór dom, fuaimeanna sé go leor log!"" Sé dúirt, ag breathnú suas i iontas.
""Ní mór dom gur iarr tú a bheith beagán níos ciúin!"" A dúirt Holmes mór.
""Tá tú cheana féin i nguais an rath a bhí iomlán ár expedition.
D'fhéadfadh impigh mé go mbeadh tú ag an maitheas chun suí síos ar cheann de na boscaí, agus gan cur isteach? ""
The sollúnta tUasal Merryweather suite é féin ar an cliathbhosca, le gortaíodh an- cialluíonn an focal ar a aghaidh, agus thit Holmes ar a ghlúine ar an urlár agus, leis an
lantern agus lionsa formhéadúcháin, thosaigh sé scrúdú a dhéanamh ar minutely scoilteanna idir na clocha.
","OPUS QED, lines 1697 to 1706"
"Ar dtús, shíl Máire nach raibh aon soilse ar chor ar bith sa fuinneoga, ach mar sí fuair amach as an iompar chonaic sí gur léirigh aon seomra amháin i gcúinne thuas staighre a dull
Glow.
Ba é an doras isteach ceann ollmhór a rinneadh de, painéil ollmhór curiously múnlaithe na darach studded le tairní iarainn mór agus atá faoi cheangal le barraí iarainn mór.
D'oscail sé isteach i halla mór, a bhí chomh dimly solas gur os comhair an portráidí ar na ballaí agus na figiúirí sa oireann d'armúr rinne Máire bhraitheann go bhfuil sí ní raibh aon mhaith chun breathnú ar iad.
Mar a bhí sí ar an urlár cloiche fhéach sí an-bheag, figiúr corr beag dubh, agus bhraith sí chomh beag agus caillte agus corr mar a bhí sí.
A neat, sean-fhear tanaí bhí in aice leis an manservant a d'oscail an doras dóibh.
""Tá tú di a ghlacadh chun a seomra,"" a dúirt sé i nguth husky.
""Ní dhéanann sé ag iarraidh í a fheiceáil.
Sé ag dul go Londain ar maidin. "" An-maith, an tUasal Pitcher, ""Bean Uí Medlock fhreagairt.
","OPUS QED, lines 10342 to 10351"
"Ní mór a bheith Cé acu leis an ard barr-chróga de mo áthas mo Conmhaigh san oíche rúnda.
Slán a fhágáil; a bheith iontaobhach, agus beidh scor dod pianta mé:
Farewell; liom moladh a thabhairt dod máistreás.
ALTRA Anois Dia ar neamh bless dhuit -!
Hark duit, a dhuine uasail.
Romeo Cad tu say'st, mo bhanaltra daor?
An bhfuil ALTRA do rúnda fear?
An raibh tú ag éisteacht ne'er a rá,
Is féidir dhá abhcóide a choinneáil, a chur amháin ar shiúl?
","OPUS QED, lines 19728 to 19737"
"A nóiméad ó shin ní raibh a fhios agat cad é go léir a thart, anois a fhios agat.
Féach ar an fear ceart ann.
An bhfeiceann tú air?
Féach air?
Tháinig sé os cionn léir ar an mbealach ón Rúis a fhaigheann tú.
Anois éist, mé le feiceáil agat i gcomharsanacht agus níl mé ag iarraidh a ghortú leat
An bhfuil tú ag iarraidh rud éigin a rá liom?
Ní féidir liom.
Ní gá duit cad é?
","OPUS QED, lines 16122 to 16131"
"Duit.
Agus - ""!
Tiarna ""a dúirt an tUasal Marvel.
""Ach tá mé go léir i tizzy.
Bealtaine liom iarraidh - Cén chaoi a bhfuil sé?
Agus cad is féidir leat a bheith á cheangal ar an mbealach le cabhrú -?
Invisible "" Ba mhaith liom tú a cabhrú liom éadaí a fháil -! and fothain - agus ansin, le rudaí eile.
D'fhág mé leo fada go leor.
Má tá tú won't - go maith!
","OPUS QED, lines 13077 to 13086"
"Birşeyler öğrenmek ve kazanmak için ona geri dönmeyi umuyorum.
Ama artık çekinmeyeceğim,artık beklemez,seninim.
Zihnini aç ve benim gibi gör artık.Düşüncelerini açıkla ve hay aksi özgürsün.
Yüreğine bak ve aşkı,aşkı,aşkı,aşkı bulacaksın!
İnsanların,dansın ve şarkıların müziğini dinleyin.
Sadece büyük ailedeyiz.
Ve sevilen,sevilen,sevilen,sevilen,sevilen olmak için hakikat bizimdir.
Bu yüzden artık çekinmeyeceğim,artık eminim ki beklemez.
Zorlaştırmaya gerek yok,hayat kısa.Bu kaderimiz,seninim!
","OPUS QED, lines 17272 to 17281"
"Ar a dhroim agus dá thaobh carted sé thart leis deannaigh, snáitheanna, gruaig, agus iarsmaí bia.
Neamhshuim do gach rud a bhí i bhfad ró-mhór dó a bheidh ar a dhroim agus scour é féin ar an cairpéad, is dóigh leis a bhí déanta go minic níos luaithe i rith an lae.
In ainneoin a riocht nach raibh aon Timidity faoi inching ar aghaidh le beagán ar an urlár spotless an seomra suí.
In aon chás, d'íoc aon duine aon aird air.
An teaghlach ar fad a bhí gafa suas sa seinm veidhlín.
The lóistéirí, ag gcodarsnacht leis sin, bhí a chuir ar an láthair féin, idir lámha i seasamh ina bpócaí treabhsair, taobh thiar de na ceol i bhfad ró-aice leis an deirfiúr, ionas go d'fhéadfadh siad a fheiceáil go léir bileoga ceoil, rud éigin nach mór a bodhraigh cinnte an deirfiúr, tharraing luaithe ar ais go dtí an fhuinneog comhrá i guthanna íseal le ceannairí bowed, áit a d'fhan siad ansin, worriedly
le comhlíonadh ag an athair.
Dhealraigh sé anois gur léir go bhfuil, ag glacadh leis go raibh siad chun éisteacht le álainn nó siamsaíocht aithris veidhlín, bhí díomá orthu agus a bhí lena bhféadfar iad a síochána agus ciúin a bheith suaite ach amháin as politeness.
Ar an gcaoi a shéid siad go léir an deataigh as a n-todóga amach as a gcuid noses and mhí go háirithe faoi stiúir amháin a thabhairt i gcrích go raibh siad an-irritated.
","OPUS QED, lines 5467 to 5476"
"An t-athair groped a bhealach tottering a chathaoirleach agus a ligean féin titim i sé.
D'fhéach sé amhail is dá mba síneadh sé amach as a chuid snooze tráthnóna is gnách, ach trom nodding ar a cheann, a bhreathnaigh amhail is dá mba é gan tacaíocht, léirigh nach raibh sé codlata ar chor ar bith.
Bhí lain Gregor motionless an t-am ar fad i láthair ina raibh ghabh an lóistéirí dó.
Díomá leis an tubaiste a phleanáil agus a b'fhéidir laige dhéanamh chomh maith ar ag déanta aige ocras dian sé dodhéanta dó a bhogadh.
Bhí sé cinnte go mbeadh eagla tubaiste ginearálta sos níos mó ná dó tráth ar bith faoi ​​láthair, agus d'fhan sé.
Ní raibh sé geit fiú amháin nuair a thit an veidhlín ó na máthar lap, amach as faoi a méar trembling, agus a thug amach a ton reverberating.
""Mo thuismitheoirí daor,"" a dúirt an deirfiúr banging a lámh ar an tábla ar mhodh thabhairt isteach, ""Ní féidir rudaí a théann ar bith níos faide ar an mbealach seo.
B'fhéidir más rud é nach dtuigeann tú sin, go maith, is féidir liom.
Ní bheidh mé mo dheartháir utter ainm i os comhair an ollphéist, agus dá bhrí sin amháin a rá liom go bhfuil
","OPUS QED, lines 5515 to 5524"
"""Tá aon duine fágtha le teacht.""
Bhí sé sin ar bhealach aisteach agus go tobann go raibh Máire amach go raibh sí ní athair ná máthair chlé; go raibh siad bás agus gur uaidh a rinneadh san oíche, agus go na seirbhísigh cúpla dúchais nach raibh bás
D'fhág an teach freisin chomh tapa agus is féidir leo a fháil amach é, aon cheann acu fiú cuimhneamh go raibh Sahib Missie.
Go raibh cén fáth go raibh an áit chomh ciúin.
Bhí sé fíor nach raibh aon duine sa bhungaló ach í féin agus an beagán rustling nathair. &gt;
CAIBIDIL II mistress MARY mhalairt go leor
Bhí Máire Thaitin féachaint ar a máthair ó fad agus bhí shíl sí an- go leor, ach de réir mar bhí a fhios aici an-beag a bhféadfadh sí a bheith éigean ag súil go
Is breá léi nó a chailleann sí i bhfad an-nuair a bhí sí imithe.
Ní raibh sí a chailleann sí ar chor ar bith, i ndáiríre, agus mar a bhí sí ina leanbh féin-ionsúitear thug sí ar fad a shíl go di féin, mar a bhí déanta aici i gcónaí.
","OPUS QED, lines 10077 to 10086"
"Scoil eile den tuairim ina dhiaidh sin an tUasal Fearenside, agus ceachtar ghlac an piebald dearcadh nó cuid modhnú uirthi; mar, mar shampla, Silas Durgan, bhí éisteacht cé leis dhearbhú go bhfuil ""más rud é ábhair dtaispeánann sé enself ag aontaí bhfuigheadh sé a chuid fhortún i am ar bith, ""agus a bheith beagán de diagaire, i gcomparáid an strainséir chuig an fear leis an tallann amháin.
Ach mhínigh eile d'fhonn an t-ábhar ar fad ag maidir leis an strainséir mar neamhdhíobhálach ghealt.
Go raibh an leas a bhaint cuntasaíochta do gach rud láithreach.
Idir na grúpaí is mó, bhí waverers and compromisers.
Sussex tíre tá cúpla piseoga, agus bhí sé ach amháin tar éis na himeachtaí d'Aibreán luath gur cheap an osnádúrtha bhí whispered den chéad uair sa sráidbhaile.
Fiú ansin go raibh sé chun sochair ach amháin i measc na tíre mná.
Ach is cuma cad a cheap siad air, daoine i Iping, ar an iomlán, a comhaontaíodh in disliking dó.
A greannaitheacht, cé go bhféadfadh sé a bheith intuigthe do uirbeach inchinn-oibrí,
Ba rud iontach do na villagers Sussex ciúin.
","OPUS QED, lines 12389 to 12398"
"Nach bhfuil muid ag imirt timpeall.
Éist leis!
Éist le dom.
Táimid anseo maidir le do chara Ivan.
I gcás ina bhfuil sé?
Níl a fhios agam!
Níl a fhios agat?
Do chara Ivan.
I gcás ina bhfuil sé.
","OPUS QED, lines 16101 to 16110"
"lá, tá mé wondered cad é ba chóir dom a deuce a dhéanamh má tharla an gcomh riamh sé isteach ar a cheann a fhágáil dom.
Níl sé chomh dona sin anois tá mé i Nua-Eabhrac, ach i Londain a bhí an imní frightful.
Tá a úsáidtear a bheith gach cineál iarrachtaí ar thaobh blighters íseal a sneak dó ar shiúl as dom.
Reggie Óga Foljambe go bhfios dom áirithe a tairgeadh dó dhá oiread an méid a bhí mé a thabhairt dó, agus Alistair Bingham-Reeves, a fuair an valet a bhí ar eolas ag phreas a bríste sideways, a úsáidtear chun breathnú ag dó, nuair a tháinig sé a fheiceáil dom, le cineál glittering súl a suaite ocras orm deucedly.
Pirates Bally!
An rud é, a fheiceann tú, is é sin Jeeves dashed sin inniúil.
Is féidir leat bhfód sé fiú ar an mbealach shoves stodaí sé isteach i léine.
Ag brath air go hiomlán mé i ngach géarchéime, agus ligeann sé dom síos riamh.
Agus, cad atá níos mó, is féidir leis a chomhaireamh i gcónaí ar é féin a leathnú thar ceann aon PAL de mo chuid a tharlaíonn a bheith le gach láithrithe glúine-domhain sa Bouillon.
","OPUS QED, lines 8648 to 8657"
"""Mar is mian leat.
I giotán beidh an seomra a bheith níos teo. ""
Rinne sé aon fhreagra, agus bhí bliain d'aois a aghaidh ar shiúl ó di arís, agus Bean Uí Halla, mothú go raibh a cuid chun cinn comhrá droch-uainiú, leagtar an chuid eile de na rudaí tábla sa a ghreadadh staccato tapa agus amach as an seomra.
Nuair a d'fhill sí ar seasamh sé fós ann, mar fear cloiche, a dhroim hunched, iompú his collar suas, a sileadh hata-brim iompaithe síos, i bhfolach a aghaidh agus chluasa go hiomlán.
Chuir sí síos an uibheacha agus bagún le béim mhór, agus ar a dtugtar ionad ná mar a dúirt leis:
""Tá do lón a sheirbheáil, a dhuine uasail.""
""Go raibh maith agat,"" a dúirt sé ag an am céanna, agus ní raibh a stir dúnta go dtí go raibh sí ar an doras.
Ansin chastar he cruinn agus chuaigh an tábla le fonn quickness áirithe.
Mar a chuaigh sí taobh thiar de na barra go dtí an chistin chuala sí fuaim arís agus arís eile ag rialta eatraimh.
","OPUS QED, lines 11978 to 11987"
"'Má tá a fhios agat Am chomh maith leis a dhéanfaidh mé,' arsa an Hatter, 'nach mbeadh tú a labhairt faoi wasting TF.
Tá sé AIR. '
'Níl a fhios agam cad is ciall agat,' arsa Alice.
'Ar ndóigh, ní gá duit!' Ar an Hatter, tossing a cheann contemptuously.
'Dare liom a rá leat riamh labhair fiú a Am!'
'B'fhéidir nach,' fhreagair Alice cúramach: 'ach tá a fhios agam tá mé am chun buille nuair mé ceol a fhoghlaim. "" Ah! go cuntais ar sé, 'arsa an
Hatter.
'Ní bheidh sé ag seasamh beating.
Anois, má choinnítear tú ach ar théarmaí maith le dó, ba é a dhéanamh beagnach aon rud is thaitin leat leis an clog.
","OPUS QED, lines 6626 to 6635"
"""Tugann sé ainm,"" a dúirt Mrs Halla - dearbhú a bhí go leor gan bhunús - ""ach tá mé níor ceart éisteacht dó.
""Shíl sí an chuma air nach bhfuil a fhios sin amaideach ainm an fhir.
Cuss rapped ag an doras parlor agus tháinig sé.
Bhí imprecation cothrom inchloiste ón taobh istigh.
""Maithiúnas mo cur isteach,"" a dúirt Cuss, agus ansin an doras dúnta agus gearr Mrs Halla amach ó an chuid eile den chomhrá.
D'fhéadfadh sí éisteacht leis an murmur de ghuthanna don chéad deich nóiméad, ansin caoin of iontas, a stirring na cosa, flung cathaoir leataobh, ar choirt gáire, céimeanna tapa ar an doras, agus bhí an chuma Cuss, a aghaidh bán, a shúile ag stánadh thar a ghualainn.
D'fhág sé an doras ar oscailt taobh thiar dó, agus gan féachaint ar a strode ar fud an halla agus chuaigh sé síos na céimeanna, agus chuala sí a chosa hurrying feadh an bhóthair.
Rinne sé a hata ina láimh.
Sheas sí an doras taobh thiar de, ag féachaint ar an doras ar oscailt an parlús.
","OPUS QED, lines 12410 to 12419"
"Bhí Cén sórt áit é, agus bheadh ​​sé a bheith cosúil?
Cad a bhí ina hunchback?
Ní fhaca sí ar cheann.
B'fhéidir go raibh aon cheann san India.
Ós rud é go raibh sí ina cónaí i dtithe daoine eile agus go raibh aon Ayah, bhí tús curtha aici
le mothú uaigneach agus a smaointe a bhí Queer nua di smaoineamh.
Bhí tús curtha sí a Wonder cén fáth nach raibh an chuma uirthi go mbaineann le duine ar bith fiú amháin nuair a
Bhí athair agus a mháthair beo.
Páistí eile an chuma a bhaineann le n-aithreacha agus máithreacha, ach ní raibh sí chuma a bheidh ar aon duine i ndáiríre cailín beag.
","OPUS QED, lines 10167 to 10176"
"Radharc V.
An Gailearaí oscailte do Chumann Juliet ar, breathnú amach ar an Ghairdín.
[Cuir isteach Romeo agus Juliet.]
Juliet wilt thou a bheith imithe? nach bhfuil sé fós in aice lá:
Ba é an Nightingale, agus nach bhfuil an Lark,
Go pierc'd an log fearful thine chluas; Nightly ceolann sí ar yond crann pomegranate:
Creid dom, grá, bhí sé ar an Nightingale.
Romeo Ba é an Lark, an herald an morn, Uimh Nightingale: breathnú, grá, cad streaks envious
Ná lása na scamaill cnámhú i thall oirthear:
","OPUS QED, lines 20349 to 20358"
"Tá athrú ó di snámh sa linn, agus an halla mór, leis an tábla gloine agus an doras beag a bhí vanished, go hiomlán.
Go han-luath faoi deara an coinín Alice, mar a chuaigh sí hunting faoi, agus ar a dtugtar amach di i ton feargach, 'Cén fáth, Mary Ann, Cad é atá tú amach anseo?
Rith baile seo faoi láthair, agus beir péire de lámhainní agus lucht leanúna dom!
Thapa, anois! '
Agus Alice a bhí an oiread sin eagla a bhí ar siúl sí amach ag an am céanna sa treo chuir sé dóibh, gan a iarraidh míniú a thabhairt ar an botún a rinne sí.
'Thóg sé dom as a chuid housemaid,' a dúirt sí léi féin mar a bhí ar siúl sí.
'Conas a ionadh beidh sé nuair a fhaigheann sé amach cé mé!
Ach ba mhaith liom a bheith níos fearr air a lucht leanúna agus tá lámhainní--sin, más féidir liom iad a aimsiú. '
Mar a dúirt sí seo, tháinig sí ar an teach beag néata, ar an doras a raibh pláta práis geal leis an ainm 'W.
","OPUS QED, lines 6101 to 6110"
