Sample,Source
"Déanfar an Conradh ag bunú an Chomhphobail Eorpaigh do Ghual agus Cruach a leasú i gcomhréir le forálacha an Airteagail seo.
In Airteagal 10, cuirtear an méid seo a leanas in ionad mhír 2:
Ainmneoidh an Chomhairle, ag teacht le chéile di i dtionól na gCeannairí Stáit nó Rialtais, an duine a bheartaíonn siad a cheapadh ina Uachtarán ar an gCoimisiún; déanfaidh Parlaimint na hEorpa an t-ainmniúchán a fhormheas.
Glacfaidh an Chomhairle, ag gníomhú di tri thromlach cáilithe agus de chomhthoil leis an ainmnitheach do phost an Uachtaráin, liosta na ndaoine eile a bheartaíonn siad a cheapadh ina gcomhaltaí den Choimisiún, arna tharraingt suas i gcomhréir leis na tograí arna ndéanamh ag gach Ballstát.
Déanfar Uachtarán agus comhaltaí eile an Choimisiúin arna n-ainmniú amhlaidh a chur mar choláiste faoi réir vota formheasta ag Parlaimint na hEorpa.
Ceapfaidh an Chomhairle, ag gníomhú di tri thromlach cáilithe, Uachtarán agus comhaltaí eile an Choimisiúin tar éis fhormheas Pharlaimint na hEorpa.""
Cuirtear an méid seo a leanas in ionad Airteagal 11:
""Airteagal 11
Oibreoidh an Coimisiún faoi threoir pholaitiúil a Uachtaráin agus cinnfidh sé a eagrúchán inmheánach d'fhonn comhchuibheas, éifeachtacht agus coláisteacht a ghníomhaíochta a áirithiú.
","OPUS QED, lines 20616 to 20625"
"— fréamshamhla d'ionstraimí cuardaigh; — mianreolaíocht; — radaibhitheolaíocht; c) biúró caighdeán, ag sainfheidhmiú i dtomhais núicléacha chun iseatóipí a anailísiú agus i dtomhais absolóideacha na radaíochta agus an ionsúite ar neodróin, le himoibritheoir turgnamhach dá chuid féin.
Doiciméadacht, faisnéis agus teagasc.
Déanfaidh an tAirmheán Comhpháirteach socrú chun faisnéis a mhalartú ar mhórchóir, go háirithe sna réimsí seo a leanas:
— amhábhair: modhanna cuardaigh, mianadóíreachta, tiubhacháin, claochlaithe, saothraithe, etc.;
— fisic a chur chun feidhme ar fhuinneamh núicléach ;
— ceimíc fhisicíúil imoibritheoirí;
— próiseáil ar ábhair radaíghníomhacha;
— feidhmeanna rada-iseatóipí.
Eagróidh an tAirmheán Comhpháirteach sainchúrsaí chun cuardóirí a thraenáil agus i dtaobh feidhmeanna rada-iseatóipí.","OPUS QED, lines 11762 to 11771"
"Airteagal 26
I gcás ina ndearnadh faisnéis lena mbaineann paitinní. iarratais ar phaitinni. cearta paitinne atá cosanta go sealadach. cuspai áisiúlachta nó iarratais ar chuspaí áisiúlachta a rúnaicmiú de réir Airteagal 24 agus 25, ní fhéadfaidh na Stáit a d'iarr an rúnaicmiú sin diúltú cead a thabhairt a samhail d'iarratais a chomhadú sna Ballstáit eile.
Déanfaidh gach Ballstát na bearta is gá chun na cearta agus na hiarratais sin a choimeád faoi shlándáil de reirán nós imeachta atá leagtha síos ina dhlíthe agus ina rialacháin féin.
Ní fhéadfar aon iarratais a bhaineann le faisnéis atá rúnaiemithe de réir Airteagal 24 a chomhadú lasmuigh de na Ballstáit ach amháin lena n-aontoilíocht.
Mura gcuirfidh Ballstáit a seasamh in iúl, measfar a dtoiliú a bheith faighte ar shé mhí a bheith caite ón data a chuir an Coimisiún an fhaisnéis i bhfios do na Ballstáit.
Airteagal 27
Beidh an cúiteamh i leith aon damáiste a bhain don iarratasóir de dhroim rúnaicmiú ar chúiseanna cosanta faoi réir forálacha dlithe
náisiúnta na mBallstát agus luífidh a fhreagracht ar an Stát a d'iarr an rúnaicmiú sin nó a fuair uasghnidú nó fadú aran rúnaicmiú nó a chuir faoi deara go dtoirmiscfí comhadú iarratas lasmuigh den Chomhphobal.
I gcás ina mbeidh roinnt Ballstát tar éis uasghrádú nó fadú a fháil ar an rúnaicmiú nó inar chuir siad faoi deara go dtoirmiscfí comhadú iarratas lasmuigh den Chomhphobal beidh siad freagrach i gcomhpháirt in aon damáiste a shlánú a tharla dá bhíthin sin.","OPUS QED, lines 10560 to 10569"
"In aon chás ina gceanglaítear ar an Ard-Údarás leis an gConradh seo. nó le rialacha a bheidh leagtha sios chun a churtha i ngníomh. cinneadh a ghlacadh nó moladh a thabhairt agus nach gcomhlíonfaidh sé an oibleagáid sin. is do na Stáit. don Chomhairle. do na gnóthais nó do na comhlachais. de réir mar a bheidh. é sin a thabhairt os comhair an Ard-Údaráis.
Bainfidh an fhoráil chéanna leis an gcás ina gcumhachtaítear don Ard-Údarás leis an gConradh seo, nó le rialacha a bheidh leagtha síos chun a churtha i ngníomh, cinneadh a ghlacadh nó moladh a thabhairt agus go staonfaidh sé óna dhéanamh agus gur mí-úsáid chumhachtaí an staonadh sin.
Más rud é, tar éis tréimhse dhá mhi, go mbeidh an tArdÜdarás gan aon chinneadh a ghlacadh ná aon mholadh a thabhairt, féadfar achomharc a thionscnamh os comhair na Cúirte, laistigh de mhi, in aghaidh an diúltú is intuigthe a bheith tugtha ag an Ard-Üdarás tri fhanacht ¡na thost i dtaobh an chais.
Airteagal 36
Sula ndéanfaidh an tArdÚdarás smachtbhanna airgid nó íocaíocht phionósach thréimhsiúil a fliorchur mar a fhoráiltear sa Chonradh seo, dlífidh an tArdÚdarás caoi a thabhairt don pháirtí lena mbaineann a bharúlacha a chur faoina bhráid.
Beidh dlinse neamhtheoranta ag an gCúirt in achomhairc in aghaidh smachtbhannai airgid agus íocaíochtaí pionósacha tréímhsiúla a forchuireadh faoin gConradh seo.
I dtacaíocht lena achomharc, féadfaidh páirtí, faoi choinníollacha na chéad mhíre d'Airteagal 33 den Chonradh seo, dlíthiúlacht an chinnte nó an mholta a líomhnaítear a bheith gan comhlíonadh ag an bpáirtí sin a chonspóid.
Airteagal 37
Má mheasann Ballstát gníomh nó neamhgníomh ag an Ard-Üdarás a bheith, i gcás áirithe, de chineál a thabharfaidh suaití bunúsacha seasmhacha ina gheilleagar, féadfaidh sé an t-ábhar a thabhairt os comhair an Ard-Údaráis.","OPUS QED, lines 6299 to 6308"
"Ag aimsiú dea-shonraí ar dhramhaíl leictreach agus leictreonach
In ainneoin na ndeacrachtaí a bhaineann le haimsiú, ceadú agus anailísiú na sonraí um dhramhaíl is amhlaidh go bhfuil an EEA tar éis anailís
Tá corpas reachtaíochta ag an Eoraip maidir le lastas na dramaíola guaisí agus dofhuascailte.
Teastaíonn tuilleadh fianaise ámh i leith éifeachtacht na reachtaíochta chun an brú ar an gcomhshaol a mhaolú.
Is cás tábhachtach í an dramhaíl leictreonach, a mheastar bheith ina dhramhaíl ghuaiseach.
Is minic a dhíchóimeáiltear í san Afraic agus san Áise gan mórán trealaimh chosanta pearsanta ná beart rialála truaillithe nó gan aon trealamh ná beart den sórt sin a bheith ann.
Is minic a dhóitear na comhpháirteanna amuigh faoin aer le miotail a aisghabháil, agus is iondúil go
Tá gach cineál dramhaíola faoi lán seol.
Tá ualaigh mhéadaitheacha, go háirithe an dramhpháipéar, na plaistigh agus na miotail á mbogadh ó thíortha forbartha chuig tíortha nach mbíonn na caighdeáin chomhshaoil chomh dian céanna iontu.
","OPUS QED, lines 933 to 942"
"Bheidh a dhóthain féin de sholáthar uibheacha sa Chomhphobal méadaithe ionas gur dócha gur cúrsai inmheánacha margaidh, agus nach bearta i leith allmhairí a shocróidh praghsanna.
Aran ábhar gur fior sin cheana féin maidir leis an gComhphobal mar ala. agus maidir leis an Ríocht Aontaithe. d'fhéadfadh go dtarlódh athrú sna praghsanna ar mhargadh an Chomhphobail mhéadaithe sa dóigh chéanna agus a tharlaíonn sna margaí éagsúla i láthair na huaire, ar a shon go dtiocfadh dó a bheith beagán níos fairsinge.
Ar an taobh eile, an lé atá ann i dtreo an táirgiocht a dhlúthú isteach i lámha saintáirgeoirl, fara forbairtí comhthreomhara sa mhargaíocht, ba chóir go mbeadh d'éifeacht
leo laghdú a thabhairt ar an neamhchobhsaiocht amach anseo.
Creídim dá bhrí sin go bhféadfaimid sinn féin a chur in inmhe do rialacha an Chomhphobail.
Más féidir Iibh a dhaingniú go foírmiúil anois go bhfuil an bonn ceart tuisceana eadrainn i dtaobh a mbeidh ar ár gcumas amach anseo i gcás an bhainne, más féidir libh glacadh leis na tuairimí atá luaite agam ar thábhacht agus ar shainghnéithe mhargadh an bhagúin i gComhphobal méadaithe agus a aithint gur mhaith an rud an chobhsaíocht i gcás muiceola agus uibheacha, féadfaimidne a dheimhniú duit, ónar dtaobhna de, nach gá dúinn a thuilleadh ceisteanna a ardú ar na hábhair sin le linn na gcaibidlí, ach amháin i gcomhthéacs ginearálta na gcomhshocruithe idirthréimhseacha.
Ráiteas ón Uasal W. Scheel, Aire Gnóthaí Eachtracha Phoblacht Chónaidhme na Gearmáine, thar ceann toscaireacht an Chomhphobail
Tá toscaireacht an Chomhphobail i bpáirt leis an taifeach a rinne tú maidir le haidhmeanna an chomhbheartais in earnáil na dtáirgí bainne agus ar ar féidir a dhéanamh faoi láthair maidir le praghas miondíola a shocrú do bhainne lena chaitheamh agus, thairis sin, maidir le gníomh aíochtaí de chuid eagraíochtaí neamhrialtasacha táirgeoirí.
Tugann sé chun cuimhne, a mhéid is gá, go mbaineann an bac ar bhearta náisiúnta ag ceadú ionannas praghsanna do na táirgí bainne éagsúla, atá mar choinníoll i Rialachán (CEE) Uimh.
","OPUS QED, lines 15262 to 15271"
"Déanfar, áfach, na dleachtanna dá dtagraítear san fhomhír roimhe seo a laghdú go comhleanúnach go leibhéal na ndleachtanna a fhorchuirtear ar tháirgi a allmhairítear ón mBallstát a bhfuil caidreamh speisialta ag gach tir nó críoch ar leith leis.
Bainfidh céatadáin agus tráthchlár na laghduithe dá bhforáiltear faoin gConradh seo leis an difríocht idir an dleacht a fhorchuirtear ar tháirge ón mBallstát a bhfuil caidreamh
speisialta aige leis an tir nó an chríoch áirithe agus an dleacht a fhorchuirtear ar an táirge céanna ó laistigh den Chomhphobal, ar a theacht isteach i dtír nó i geríoch a allmhairíthe.
Ni bhainfidh mir 2 leis na tíortha agus na críocha a dhéanann cheana féin, mar gheall ar na hoibleagáidí idirnáisiúnta áirithe atá de cheangal orthu, taraif chustam neamhidirdhealaitheach a chur chun feidhme ar theacht i bhfeidhm don Chonradh seo.
Má thugtar isteach nó má athraítear ar dhóigh ar bith dleachtanna custam ar earraí a allmhairítear isteach sna tíortha agus sna críocha, ní bheidh sin ina chúis, ó dhlí ná ó ghníomh, le haon idirdhealú, díreach ná ¡ndíreach, a dhéanamh idir allmhairí ó na Ballstáit éagsúla.
Airteagal 134
I gcás na dleachtanna is inchurtha ar earraí ó thríú tir, ar a dteacht isteach i dtír nó i geríoch, a bheith ar leibhéal ar cosúii dó, nuair a chuirtear forálacha Airteagal 133(1) chun feidhme, trádáil a shraonadh chun dochair d'aon Bhallstát, féadfaidh an Stát sin a iarraidh ar an gCoimisiún na bearta is gá mar leigheas ar an geor sin a mholadh do na Ballstáit eile.
Airteagal 135
Faoi réir na bhforálacha a bhaineann le sláinte phoiblí, slándáil phoiblí nó beartas poiblí, déanfar an tsaoirse ghluaiseachta laistigh de Bhallstáit le haghaidh oibrithe ó na tíortha agus na críocha, agus laistigh de na tíortha agus na críocha le haghaidh oibrithe ó na Ballstáit, a rialú Ie comhaontuithe a thabharfar í gcrích amach anseo Ie formheas d'aontoil ó na Ballstáit.
","OPUS QED, lines 8246 to 8255"
"Uimh. in Ainmníocht na Bruiscile
CAIBIDIL 1
Ainmhithe beo
CAIBIDIL 2
Feoil agus scartach feola inite
CAIBIDIL 3 lase, crústaigh agus moilisc
CAIBIDIL 4
Toradh déiríochta; uibheaclia éan; mil nádúrtha
CAIBIDIL 5
","OPUS QED, lines 9392 to 9401"
"Méadaíonn tiontú mórscála na bhforaoisí ina dtalamh arúil an cion sin agus tionchair thromchúiseacha aige sin ar an mbithéagsúlacht.
D’fhéadfadh an fiadhúlra agus cainníocht agus cáilíocht an uisce bheith thíos leis freisin má thiontaítear achar mór óna ngnáthóga nádúrtha nó ó cheantair fheirmeoireachta traidisiúnta isteach sa diantáirgeadh don bhithfhuinneamh.
Tionchair sofheicthe ríthábhachtach san iompar toisc a thuilleamaí ar an ola.
Tá an earnáil iompair ag méadú na nastuithe gáis cheaptha teasa agus ag ithe coigilteas astuithe a bhaineann na hearnálacha eile amach.
Tá an Coimisiún tar éis moladh dá réir sin go soláthróidh bithbhreoslaí 10 % den bhreosla iompair bhóithre faoin mbliain 2020, más féidir iad a dheimhniú mar chinn inbhuanaithe.
Léirítear sna sonraí ón mbliain 2007 go bhfuil an bithbhreosla mar 2.6 % den bhreosla iompair bhóithre san AE.
Is amhlaidh d'fhonn 10 % a bhaint amach nach foláir don Aontas Eorpach táirgeadh agus allmhairí an bhithbhreosla a mhéadú ag tráth ina bhfuil na bithbhreoslaí ag lár díospóireachtaí casta éiceolaíochta agus eacnamúla.
Tá níos mó díospóireachta timpeall sprioc bithbhreosla an AE.
Tá Parlaimint na hEorpa tar éis ráthaíocht a éileamh le déanaí go dtiocfaidh 40 % den sprioc 10 % ó fhoinsí nach mbeidh in iomaíocht leis an táirgeadh bia.
","OPUS QED, lines 843 to 852"
"Iris Oifigiúil an Aontais Eorpaigh
PRÓTACAL MAIDIR LE RÓL NA bPARLAIMINTÍ NÁISIÚNTA SAN AONTAS EORPACH
TÁ NA hARDPHÁIRTITHE CONARTHACHA,
AG MEABHRÚ DÓIBH gur ceist a bhaineann le heagrúchán agus le cleachtas bunreachtúil gach Ballstáit é an dóigh a ndéanann na Parlaimintí náisiúnta grinnscrúdú ar a rialtas féin i ndáil le gníomhaíochtaí an Aontais Eorpaigh,
ÓS MIAN LEO níos mó rannpháirtíocht i ngníomhaíochtaí an Aontais Eorpaigh a chothú sna Parlaimintí náisiúnta agus feabhas a chur ar a n-ábaltacht a ndearcadh a nochtadh ar dhréachtghníomhartha reachtacha an Aontais Eorpaigh agus ar ábhair eile a bhfuil suim ar leith acu iontu,
TAR ÉIS COMHAONTÚ ar na forálacha seo a leanas, a chuirfear i gceangal leis an gConradh ar an Aontas Eorpach, leis an gConradh ar Fheidhmiú an Aontais Eorpaigh agus leis an gConradh ag bunú an Chomhphobail Eorpaigh do Fhuinneamh Adamhach:
TEIDEAL I
FAISNÉIS LE hAGHAIDH NA bPARLAIMINTÍ NÁISIÚNTA
Airteagal 1
","OPUS QED, lines 2764 to 2773"
"Prótacal ar Reacht Chúirt Bhreithiúnais an Chomhphobail Eorpaigh do Fhuinneamh Adamhach
CHOMHPHOBAIL EORPAIGH DO FHUINNEAMH ADAMHACH,
Ós ΜΙΑΝ LEO Reacht na Cúirte dá bhforáiltear in Airteagal 160 den Chonradh seo a leagan síos,
TAR ÉIS na daoine seo a leanas a cheapadh mar Lánchumhachtaigh chuige sin:
A SHOILSE RÍ NA MBEILGEACH:
An Barún J. Ch.
SNOY ET D'OPPUERS, Ardrúnaí na hAireachta Gnóthaí Eacnamaíochta, Uachtarán Thoscaireacht na Beilge ag an gComhdháil Idir­Rialtasach;
UACHTARÁN PHOBLACHT CHÓNAIDHME NA GEARMÁINE:
An Dr. Carl Friedrich OPHÜLS, Ollamh, Ambasadóir Phoblacht Chónaidhme na Gearmáine, Uachtarán Thoscaireacht na Gearmáine ag an gComhdháil Idir­Rialtasach;
","OPUS QED, lines 19088 to 19097"
"Airteagal 120
Faoi réir na gcoinniollacha agus na dteorainneacha ama atá leagtha amach in Airteagail 121 go 126, féadfaidh na Ballstáit nua an léirscaoil­eadh ar ghluaiseachtaí caipitil a chur siar a bhforáiltear do leis an gcéad Treoir on gComhairle, dar data 11 Bealtaine 1960, chun Airteagal 67 de Chonradh CEE a chur i ngníomh agus leis an darà Treoir ón gComhairle, dar data 18 Nollaig 1962, ag comhlánú agus ag leasú na chéad Treorach chun Airteagal 67 de Chonradh CEE a chur i ngníomh.
Rachfar i ndáil chomhairle mar is gá, an tráth cui, idir na Ballstáit nua agus an Coimisiún maidir leis na modhanna chun bearta léirscaoilte nó maolaithe a chur i ngníomh ar féidir a bhfeidhm a chur siar de bhua na bhforálacha seo a leanas.
Airteagal 121
Féadfaidh an Danmhairg: a) léirscaoileadh a chur siar, ar feadh tréimhse dhá bhliain tar éis an aontachais. i gcás ceannach bannaí ag neamhchónaitheoiri, ar bannaí iad a rinneadh amach in Kroner na Danmhairge agus a ndéileáiltear iontu aran stocmhargadh sa Danmhairg. agus aistriú nithiúil na n­urrús thuasluaite á chur san áireamh: b) léirscaoileadh a chur siar, ar feadh tréimhse chúig bliana tar éis an aontachais, i gcás ceannach urrús coigríche, a ndéileáiltear iontu ar an stocmhargadh, ag cónaitheoirí sa Danmhairg, agus i gcás ath­cheannach ón gcoigrich ar urrúis Dhanmhargacha a ndéileáiltear iontu ar an stocmhargadh, a sonraíodh go hiomlán nó go páirleach in airgead coigríche. agus aistriú nithiúil na n­urrús thuasluaite á chur san áireamh.
Amhail ó dháta an aontachais, rachaidh an Danmhairg i gcionn léirscaoileadh comhleanúnach ar na hoibríochtaí dá dtagraítear i mir Ια).
Airteagal 122
Féadfaidh Éire: a) léirscaoileadh a chur siar. ar feadh tréimhse dhá bhliain tar éis an aontachais. i gcás infheistíochtaí díreacha sna Ballstáit ag cónaitheoírí in Éirinn agus i gcás réadú infheistíochtaí díreacha sna Ballstáit ag cónaitheoírí ín Éirinn;
Ih) léirscaoileadh a chur siar. ar feadh tréimhse tríocha mi lar éis an aontachais, i gcás gluaiseachtaí caipitil de chineál pearsanta mar a leanas:
","OPUS QED, lines 14447 to 14456"
"Forás inbhuanaithe: forbairt eacnamaíoch réigiúnach, gníomh chun forás, iomaíochas agus fostaíocht a chur chun cinn 382 Mrd EUR (44 %)
Caomhnú agus bainistiú acmhainní nádúrtha: talmhaíocht, forbairt inbhuanaithe agus an comhshaol 371 Mrd EUR (43 %)
BHAINISTIÚ A A
An AE ar an ardán domhanda: gníomh eachtrach, beartas forbraíochta, cabhair dhaonchairdiúil49 Mrd EUR (6 %)
Saoránacht, saoirse, slándáil agus ceartas: cosaint chearta na saoránach, saorghluaiseacht daoine, comhar póilíneachta agus breithiúnach, comhrac i gcoinne na sceimhlitheoireachta11 Mrd EUR (1 %)
Caiteachas eile, lena n-áirítear riarachán 51 Mrd EUR (6 %)
Forbairt eacnamaíoch inbhuanaithe a chur chun cinn ...
Baintear úsáid as cuid mhór de bhuiséad an Chomhphobail chun borradh a chur faoi fhorás eacnamaíoch agus chun éagothromaíocht idir réigiúin éagsúla na hEorpa a laghdú: caitear sciar mór den bhuiséad freisin ar thógáil mótarbhealaí agus iarnróid a nascann Ballstáit, ar chabhrú le gnólachtaí beaga agus ar thacú le taighde teicniúil agus tionscadail nuálachta (m.sh. chun cineálacha fuinnimh in-athnuaite a fhorbairt), etc.
Faigheann an Talmhaíocht, arb é an t-aon bheartas é a dhéantar a riaradh ina iomláine ar leibhéal an AE, sciar mór den bhuiséad.
","OPUS QED, lines 4688 to 4697"
"Mura dtugtar cinneadh ag gabháil leis. seasfaidh an modhnú a tairgeadh mar mhodhnú ar diúltaíodh dó;
— más rud é. de bhun forálacha cheann den dá fhomhír roimhe seo. go mbeidh an Chomhairle tar éis diúltú do mhodhnú a tairgeadh.
féadfaidh sí. ag gniomhú di tri thromlach cáilithe. an tsuim a thaispeántar sa dréachtbhuiséad a choinneáil nó suim eile a shocrú.
Modhnófar an dréachtbhuiséad de réir na modhnuithe a tairgeadh agus ar ghabh an Chomhairle leo.
Más rud é. laistigh de chúig lá dhéag ó cuireadh an dréachtbhuiséad sin faoina bráid. nach mbeidh an Chomhairle tar éis modhnú a dhéanamh ar aon cheann de na leasuithe lenar ghlac an Tionól agus má gabhadh leis na modhnuithe a thairg an Tionól. measfar go bhfuil glactha go críochnaitheach leis an mbuiséad.
Cuirfidh an Chomhairle i bhfios don Tionól nár mhodhnaigh sé aon cheann de na leasuithe agus gur gabhadh leis na modhnuithe a tairgeadh.
Más rud é. laistigh den tréimhse sin, go mbeidh an Chomhairle tar éis modhnú a dhéanamh ar cheann nó níos mó de na leasuithe lenar ghlac an Tionól nó má diúltaíodh do na modhnuithe a thairg an Tionól. nó má modhnaíodh iad, cuirfear an dréachtbhuiséad ama mhodhnú chuig an Tionól arís.
Cuirfidh an Chomhairle torthaí a pléití i bhfios don Tionól.
Laistigh de chúig lá dhéag tar éis an dréachtbhuiséad sin a chur faoina bhráid. agus fios tugtha dó ar cad a tharla i dtaobh na modhnuithe a thairg sé. féadfaidh an Tionól, ag gniomhú tri thromlach a chomhaltaí agus le tri chúigiú de na votai a caitheadh, modhnuithe na Comhairle ar leasuithe an Tionól a leasú nó a dhiúltú, agus glacfaidh sé leis an mbuiséad dá réir sin.
","OPUS QED, lines 8637 to 8646"
"Bainfidh an Conradh seo le Ríocht na Beilge, le Ríocht na Danmhairge, le Poblacht Chónaidhme na Gearmáine, le Poblacht na Fraince, le hÉirinn, le Poblacht na hlodáile, le hArdDiúiceacht Lucsamburg, le Ríocht na hísiltíre agus le Ríocht Aontaithe na Breataine Móire agus Thuaisceart Éireann.*
Mir 1 mar atá arna leasú le hAirteagal 26(1) den Ionstraim Aontachais, mar atá ama leasú le hAirteagal 15(1) den Chinneadh Oiriúnuithe.
Maidir leis an Ailgéir agus leis na ranna Francacha thar lear, beidh feidhm ag na forálacha ginearálta agus sonracha den Chonradh seo a bhaineann leis na nithe seo:
— saorghluaiseacht earraí ; — talmhaíocht, amach ó Airteagal 40(4); — léirscaoileadh seirbhisi; — na rialacha iomaíochta; — na bearta cosanta dá bhforáiltear in Airteagail 108, 109, agus 226; — na hinstitiúidí; a luaithe a thiocfaidh an Conradh seo i bhfeidhm.
Déanfar na coinníollacha faoina mbeidh feidhm ag forálacha eile an Chonartha seo a shocrú, laistigh de dhá bhliain tar éis an Chonradh seo a theacht i bhfeidhm, le cinntí ón gComhairle, ag gniomhú di d'aontoil ar thogra ón gCoimisiún.
Féachfaidh institiúidí an Chomhphobail chuige. faoi chuimsiú na nósanna imeachta dá bhforáiltear sa Chonradh seo. go háirithe in Air teagal 226. go mbeidh forbairt eacnamaíoch agus sóisialta na Iimistéar sin indéanta.
Bainfidh na socruithe speisialta i dtaobh comhlachais atá leagtha amach i gCuid a Ceathair den Chonradh seo leis na tíortha agus na críocha thar lear atá luaite sa liosta in Iarscribhinn IV a ghabhann leis an gConradh seo.
Ni bhainfidh an Conradh seo leis na tíortha agus na críocha thar lear a bhfuil caidreamh speisialta acu le Ríocht Aontaithe na Breataine Móire agus Thuaisceart Éireann agus nach bhfuil luaite sa liosta réamhráite. *
Bainfidh forálacha an Chonartha seo leis na críocha Eorpacha a bhfuil Ballstát freagrach ina gcaidreamh eachtrach.
","OPUS QED, lines 8798 to 8807"
"Déanfar an praghas ar a ndioltar an siúcra atá i geeist ar mhargadh na Riochta Aontaithe a shocrú ar leibhéal a áiritheoidh go ndíolfar na cainniochtaí atá i geeist go héifeachtúíl gan dochar do dhíolacháin siúcra an Chomhphobail.
De mhaolú ar na forálacha atá leagtha síos in Airteagal 15(1) de Rialachán (CEE) Uimh.
766/68 ag bunú rialacha ginearálta i dtaobh aisíocaíochtai ar onnmhairí siúcra, féadfar an t-aisíoc ar onnmhairí is infheidhme sa Ríocht Aontaithe a dheonú i gcás siúcra bán a gheofar as siúcra amh a allmhaireofar de bhun an Phrótacail seo.
Glacfaidh an Chomhairle, ag gniomhú di tri thromlach cáilithe ar thogra ón gCoimisiún, na bearta is gá chun forálacha an Phrótacail seo a chur i ngníomh ar mhodh a áiritheoidh dea-oibriú chomheagraíocht mhargadh an tsiúcra, go háirithe maidir le praghas díola an tsiúcra sin ar mhargadh na Riochta Aontaithe tráth feidhmiú na bhforálacha atá leaghta síos i mir 2.
18 ar allmhairí ime agus cáise ón Nua-Sbéalainn isteach sa Ríocht Aontaithe
Airteagal 1
Üdaraítear don Ríocht Aontaithe, faoi na coinníollacha seo a leanas agus mar shocrú sealadach, cainniochtaí áirithe ime agus cáise a all­mhairiú ón Nua­Shéalainn.
Is é méid na gcainníochtaí dá dtagraítear i mir 1 : α) maidir le him, do na chéad chúig bliana:
1973, 165 811 tonna méadrach 1974, 158 902 tonna méadrach 1975, 151 994 tonna méadrach 1976, 145 085 tonna méadrach i 1977, 138 176 tonna méadrach b) maidir le cáis:
","OPUS QED, lines 14947 to 14956"
"Dearbhú maidir le hAirteagal 100 den Chonradh ag bunú an Chomhphobail Eorpaigh
Dearbhú maidir le hAirteagal 111 den Chonradh ag bunú an Chomhphobail Eorpaigh
Dearbhú maidir le hAirteagal 137 den Chonradh ag bunú an Chomhphobail Eorpaigh
Dearbhú maidir le hAirteagal 175 den Chonradh ag bunú an Chomhphobail Eorpaigh
Dearbhú maidir le hAirteagal 181a den Chonradh ag bunú an Chomhphobail Eorpaigh
Dearbhú maidir le hAirteagal 191 den Chonradh ag bunú an Chomhphobail Eorpaigh
Dearbhú maidir le hAirteagal 225 den Chonradh ag bunú an Chomhphobail Eorpaigh
Dearbhú maidir le hAirteagal 225(2) agus (3) den Chonradh ag bunú an Chomhphobail Eorpaigh
Dearbhú maidir le hAirteagal 225(2) agus (3) den Chonradh ag bunú an Chomhphobail Eorpaigh
","OPUS QED, lines 19891 to 19900"
"""Airteagal 136
Áiritheoidh an Chúirt Bhreithiúnais agus an Chúirt Chéadchéime, faoi chuimsiú a ndlínsí faoi seach, go gcomhlíonfar an dlí i léiriú an Chonartha seo agus ina chur chun feidhme.
Ina theannta sin, féadfar painéil bhreithiúnacha a chur ag gabháil leis an gCúirt Chéadchéime faoi na coinníollacha ata leagtha síos in Airteagal 140b chun an inniúlacht bhreithiúnach dá bhforáiltear sa Chonradh seo a fheidhmiú i réimsí sonracha áirithe.""
Cuirtear an méid seo a leanas in ionad Airteagal 137:
""Airteagal 137
Breitheamh amháin in aghaidh an Bhallstáit a bheidh ar an gCúirt Bhreithiúnais.
Suífidh an Chúirt Bhreithiúnais i ndlísheomraí nó i Mór-Dhlísheomra i gcomhréir leis na rialacha ama mbunú chuige sin i Reacht na Cúirte Breithiúnais.
Féadfaidh an Chúirt Bhreithiúnais sui mar chúirt iomlán freisin nuair a fhoráiltear dò sin sa Reacht.""
CUID A hAON
","OPUS QED, lines 20485 to 20494"
"Fisic theoiriciúil fheidhmeach:
(a) imoibrithe núicléacha lagfhuinnimh, go háirithe imoibrithe a ionduchtaíodh le neodróin;
(b) scoilteadh;
(c) imoibriú radaíochta ianúcháin agus fotón le damhna;
(d) teoiric na staide soladaí;
(e) staidéar ar chomhleá, go háirithe maidir le hiompraíocht phlasma ianaithe faoi oibriú fórsai leictreamaighnéadacha agus le teirmidinimic teochtai fiorarda.
Fisic thurgnamhach fheidhmeach: (a) na hábhair a shonraítear in 1 thuas;
(b) staidéar ar airíonna dúile trasúráineacha a bhfuil tábhacht leo i réimse an fhuinnimh núicléach.
Ríomhaireachtaí imoibritheora: (a) fisic theoiriciúil mhacrascapach neodrón;
","OPUS QED, lines 18843 to 18852"
"CAIBIDIL 81
Barrai, slata, uiUinneacha, cruthanna agus teascáin, saoirsithe, de thantalam; plátaí, leatháin agus stiall, saoirsithe, de thantalam; scragall tantalaim; sreang agus filiméad de thantalam ex 81.04
Barrai, slata, uiUinneacha, cruthanna agus teascáin, saoirsithe, de mhiotail neamhlómhara eile; plátaí, leatháin agus stiall, saoirsithe, de mhiotail neamh lómhara eile; scragall, sreang agus filiméad, de mhiotail neamhlómhara eile
CAIBIDIL 93 ex 93.06
Stoic agus páirteanna eile adhmaid do ghunnaí
CAIBIDIL 95
Ábhar snoíodóireachta garbhchumtha, is é sin le rá, plátaí, leatháin, slata, feadáin agus a macasamhail, gan snasadh ná oibriú eile orthu ex 95.01 go ex 95.07
CAIBIDIL 98 ex 98.11
Blocáin gharbhchumtha d'adhmad nó de fhréamh, chun píopai a dhéanamh
","OPUS QED, lines 9169 to 9178"
"Airteagal 9
Cuirfear na forálacha seo a leanas in ionad Airteagal 13(1) den Phrótacai ar Reacht an Bhainc :
Beidh ar an gCoiste Bainistíochta Uachtarán agus ceithre Leas-Uachtarán arna gceapadh go ceann sé bliana ag an mBord Gobharnóiri ar thogra ón mBord Stiúrthóirí.
Féadfar a gceapacháin a athnuachan.
Féadfaidh an Bord Gobharnóiri, ag gniomhú dó d'aontoil, líon na gcomhaltai ar an gCoiste Bainistíochta a athrú.""
DÓ
FORÁLACHA EILE
Airteagal 10
1. íocfaidh na Ballstáit nua. tráth nach déanaí ná dhá mhí tar éis data an aontachais. na híocaíochtaí leagtha síos i mir 1 d'Airteagal 5 de Reacht an Bhainc leasú mar atá leagtha amach in Airteagal 3 den Phrótacai seo.
","OPUS QED, lines 14736 to 14745"
"Bunaítear leis seo Coiste Eacnamaíoch agus Sóisialta; stádas comhairleach a bheidh aige.
Is iad a bheidh ar an gCoiste ionadaithe ó na heilimintí éagsúla eacnamaíocha agus sóisialta den tsochaí shibhialta eagraithe, go háirithe ionadaithe do tháirgeoirí, d'fheirmeoirí, do charraeirí, d'oibrithe, do dhéileálaithe, d'aos ceirde, d'aos gairme, do thomhaltóirí agus ionadaithe do leas an phobail.""
Cuirtear an méid seo a leanas in ionad Airteagal 258:
""Airteagal 258
Ni rachaidh líon chomhaltaí an Choisie Eacnamaíoch agus Shóisialta thar 350.
Is mar seo a leanas a bheidh líon chomhaltaí an Choiste:
An Bheilg An Danmhairg An Ghearmáin An Ghréig An Spáinn An Fhrainc Éire An Iodáil Lucsamburg An Isiltír An Ostair An Phortaingéil An Fhionlainn An tSualainn An Ríocht Aontaithe
Ni bheidh comhaltaí an Choiste inchurtha faoi cheangal ag aon teagaisc shainordaitheacha.
Beidh siad, chun leas ginearálta an Chomhphobail, neamhspleách ar fad i bhfeidhmiú a bhfeidhmeanna.
","OPUS QED, lines 20394 to 20403"
"(b) go ndéanfar, i gcríocha na mBallstát, na forálacha a chomhlíonadh a bhaineann le soláthairtí agus le haon oibleagáidí áirithe maidir le coimirce a bheidh gafa air féin ag an gComhphobal faoi chomhaontú a rinneadh le tríú stát nó le heagraíocht idirnáisiúnta.
Airteagal 78
Aon duine a bheidh ag bunú nó ag oibriú suiteála chun bunábhair nó ábhair inscoilte speisialta a tháirgeadh, a dheighilt nó a úsáid ar dhóigh eile nó chun breoslaí núicléacha ionradaithe a phróiseáil,
dearbhóidh sé don Choimisiún airíonna bunúsacha teicniúla na suiteála sin más gá eolas ar na hairíona sin chun na haidhmeanna atá leagtha amach ín Airteagal 77 a ghnóthú.
Ní foláir na teicníochtaí a bheidh le húsáid don phróiseáil cheimiceach ar ábhair ionradaithe a bheith formheasta ag an gCoimisiún a mhéad is gá sin, chun na haidhmeanna atá leagtha amach in Airteagal 77 a ghnóthú.
Airteagal 79
Ceanglóidh an Coimisiún go ndéanfar taifid oibriúcháin a choimeád agus a thabhairt ar aird sa chaoi go bhféadfar cuntas a thabhairt i mianaigh, i mbunábhair agus in ábhair inscoilte speisialta a úsáideadh nó a tairgeadh.
Beidh feidhm ag an gceanglas sin freisin i gcás bunábhair agus ábhair inscoilte speisialta a iompar.
Iad siúd a bheidh faoi réir na gceanglas sin, cuirfidh siad in iúl d'údaráis an Bhallstáit a bheidh i geeist aon scéala a thug siad don Choimisiún de bhun Airteagal 78 agus na chéad mhíre den Airteagal seo.
","OPUS QED, lines 17933 to 17942"
"— ar un meánallirú i mbuiséid na mBallstát; agus
— ar threo an chostais mhaireachtála i gcaitheamh na bliana airgeadais roimhe sin.
Cuirfear an t­uasráta i bhfios, roimh an 1 Bealtaine, d'institiúidí uile an Chomhphobail.
Beidh de cheangal ar na hinstitiùidi sin chi leis sin le linn imeachtaí an bhuiséid, faoi réir forálacha an ceathrú agus an cúigiú fomhír den mhír seo.
Más rud é, i gcás caiteachais seachas a dtiocfadh ó riachtanas de dhroim an Chonartha seo nó de dhroim gníomhartha lenar glacadh dá réir, go bhfuil dearbhráta an mhéadaithe sa dréachtbhuiséad riaracháin ata bunaithe ag an gComhairle os cionn leath an uasráta, féadfaidh an Tionól, i bhfeidhmiú a cheart leasúcháin, suim iomlán an chaiteachais sin a mhéadú tuilleadh go teorainn nach mó ná leath an uasráta.
Más rud é, i gcásanna eisceachlula, go measfaidh an Tionól, an Chomhairle nó an tArdÚdarás gur gá do ghníomhaíochtaí na gComh phobal gabháil thar an rata a cinneadh de réir an nós imeachta atá leagtha síos sa mhír seo, féadfar rata eile a shocrú tri chomhaontú idir an Chomh airle, ag gniomhú di tri thromlach cáilithe, agus an Tionól, ag gniomhú dó tri thromlach a chomhaltaí agus le tri chúigiú de na votai a caitheadh.
Feidhmeoidh gach institiúid na cumhachtaí a thugtar di ¡eis an Airteagal seo, agus aird chut' aici ar fhorálacha an Chonartha seo agus ar ghniomhartha lenar glacadh dá réir, go háirithe na cinn a bhaineann le hacmhainní dílse na gComhphobal féin agus /eis an gcomhardú idir ioncam agus caiteachas.
Nuair a bheidh glactha go críochnaitheach leis an mbuiséad riara cháin, beidh d'éifeacht leis sin go n-údarófar don Ard-Údarás agus go gceanglófar air an t-ioncam comhréireach a bhailiú de réir forálacha Airteagal 49.""
Airteagal 2
","OPUS QED, lines 12684 to 12693"
"Is é suiomh Pharlaimint na hEorpa suiomh an Ombudsman. '
Airteagal 14
Glacfaidh an tOmbudsman forálacha chur chun feidhme an Chinnidh seo.
Airteagal 15
An chéad Ombudsman a cheapfar i ndiaidh an Conradh ar an Aontas Eorpach a theacht i bhfeidhm, ceapfar é don chuid atá fágtha de théarma na Parlaiminte.
Airteagal 16
Forálfaidh Parlaimint na hEorpa ina buiséad don fhoireann agus do na háiseanna ábhartha is gá chun gur féidir leis an gcéad Ombudsman na cúraimí a chuirtear air a fheidhmiú a luaithe a cheapfar é.
Airteagal 17
Foilseofar an Cinneadh seo in Iris Oifigiúil na gComhphobal Eorpach.
","OPUS QED, lines 19830 to 19839"
"""Airteagal 136
Áiritheoidh an Chúirt Bhreithiúnais agus an Chúirt Chéadchéime, faoi chuimsiú a ndlínsí faoi seach, go gcomhlíonfar an dlí i léiriú an Chonartha seo agus ina chur chun feidhme.
Ina theannta sin, féadfar painéil bhreithiúnacha a chur ag gabháil leis an gCúirt Chéadchéime faoi na coinníollacha ata leagtha síos in Airteagal 140b chun an inniúlacht bhreithiúnach dá bhforáiltear sa Chonradh seo a fheidhmiú i réimsí sonracha áirithe.""
Cuirtear an méid seo a leanas in ionad Airteagal 137:
""Airteagal 137
Breitheamh amháin in aghaidh an Bhallstáit a bheidh ar an gCúirt Bhreithiúnais.
Suífidh an Chúirt Bhreithiúnais i ndlísheomraí nó i Mór-Dhlísheomra i gcomhréir leis na rialacha ama mbunú chuige sin i Reacht na Cúirte Breithiúnais.
Féadfaidh an Chúirt Bhreithiúnais sui mar chúirt iomlán freisin nuair a fhoráiltear dò sin sa Reacht.""
CUID A hAON
","OPUS QED, lines 20485 to 20494"
"Chun na eriche céanna, déanfaidh an Chomhairle, roimh dheireadh na hidirthréimhse, ag gniomhú di ar thogra ón gCoimisiún agus tar éis dui i gcomhairle leis an Tionól, treoracha a eisiúint chun comhordú a thabhairt ar na forálacha reachtaíochta nó rialúcháin nó riaracháin i mBallstáit i dtaobh gabháil le gníomhaíochtaí agus iad a shaothrú mar oibrithe ar a gconián féin.
Ní foláir bheith d'aontoil ar chúrsaí is ábhar do reachtaíocht i mBallstát amháin ar a laghad, ar bhearta a bhaineann le coigilteas a chosaint, go háirithe creidmheas a thabhairt agus gairm na baincéireachta a fheidhmiú, agus leis na coinníollacha a rialaíonn feidhmiú ghairm na míochaine agus gairmeacha gaolmhara agus ghairm na cógaisíochta sna Ballstáit éagsúla.
I gcásanna eile, gníomhóidh an Chomhairle d'aontoil i rith na chéad chéime agus tri thromlach cáilithe ina dhiaidh sin.
I gcás ghairm na míochaine agus gairmeacha gaolmhara agus ghairm na cógaisíochta, beidh an díothú comhleanúnach ar shrianta ag brath ar chomhordú coinníollacha a geleachta sin sna Ballstáit éagsúla.
Airteagal 58
Cuideachtaí nó gnólachtaí a foirmíodh de réir dlí Ballstáit agus a bhfuil a n-oifig chláraithe, a riarachán lárnach nó a bpríomháit ghnó acu sa Chomhphobal, déileálfar leo, chun críocha na Caibidle seo, ar an gcuma chéanna le daoine nádúrtha is náisiúnaigh de Bhallstáit.
Ciallaíonn ""cuideachtaí nó gnólachtaí"" cuideachtaí nó gnólachtaí a bunaíodh faoin dli sibhialta nó faoin dlí tráchtála, lena náirítear comharchumainn, agus daoine dlítheanacha eile a rialaítear le dlí poiblí nó le dlí príobháideach, cé is moite díobh siúd atá neamhbhrabúsmhar.
CAIBIDIL
SEIRBHISI
","OPUS QED, lines 7884 to 7893"
"An Bheilg An Danmhairg An Ghearmáin An Ghréig An Spáinn An Fhrainc Éire An Iodáil Lucsamburg An Isiltír An Ostair An Phortaingéil An Fhionlainn An tSualainn An Ríocht Aontaithe
Ni bheidh comhaltaí an Choiste inchurtha faoi cheangal ag aon teagaisc shainordaitheacha.
Beidh siad, chun leas ginearálta an Chomhphobail, neamhspleách ar fad i bhfeidhmiú a bhfeidhmeanna.
Cinnfidh an Chomhairle, ag gníomhú di tri thromlach cáilithe, slánaíochtaí chomhaltaí an Choiste.""
CUID A hAON
In Airteagal 259, cuirtear an méid seo a leanas in ionad mhír 1:
Ar thograí ó na Ballstáit, déanfar comhaltaí an Choiste a cheapadh go ceann ceithre bliana.
Glacfaidh an Chomhairle, ag gníomhú di tri thromlach cáilithe, liosta na gcomhaltaí arna tharraingt suas i gcomhréir leis na tograí arna ndéanamh ag gach Ballstát.
Féadfar téarma oifige chomhaltaí an Choiste a athnuachan.""
","OPUS QED, lines 20400 to 20409"
"Éisc thúna: bearta nua cosanta san Aigéan Indiach
Ghlac Coimisiún thuinníní an Aigéin Atlantaigh (CTAA/IOTC – Indian Ocean Tuna Commission) le sraith de bhearta bainistithe agus caomhnaithe ar ócáid a chruinnithe bhliantúil, a tionóladh Mí Mhárta seo caite in Busan (an Chóiré Theas).
Is é an Coimisiún Eorpach a thionscain mórchuid na mbeart seo.
Ní mór béim ar leith a chur ar chur i bhfeidhm phlean oibre a bhaineann go háirithe le córas leithdháilte agus cuótaí do na príomhspeicis tuinnín trópaicigh chomh maith le dúnadh creasa amach ó chósta Chorn na hAfraice: cuirfear cosc ar na báid saighne ansin i Mí na Samhna agus cuirfear cosc ar na báid spiléireachta i Mí Feabhra.
Ina theannta sin, tá cosc ar ghabhálacha na siorcanna súiteála sa chrios ar fad as seo amach.
Ó thaobh an rialaithe de, ghlac an CTAA le réimeas rialaithe Stát an phoirt, rud a réitíonn leis na bearta sin ar glacadh leo cheana féin i gcomhthéacs na EBT, le dul i ngleic le díluchtuithe an iascaigh mhídhleathaigh.
Shocraigh sé freisin téarmaí tagartha a Choiste ghéilliúlachta a threisiú le heasnaimh reatha na Stát i dtaca lena gcuid dualgas a shlánú.
Ina theannta sin, rinneadh socruithe tábhachtacha maidir leis an ngleic in aghaidh na hiascaireachta NNN (neamhdhleathaí, neamhfhógartha agus neamhrialaithe) go háirithe méadú liosta na mbád NNN agus bearta a bhaineann leis na margaí.
Go deireanach, ghlac an CTAA le dearbhú a cháineann na gníomhartha píoráideachta san Aigéan Atlantach agus a thugann cuireadh don phobal idirnáisiúnta tacú leis na hiarrachtaí atá ar siúl le dul i ngleic leis an sciúirse seo.
","OPUS QED, lines 1606 to 1615"
"Saoire máithreachais Pé tir ina bhfuil tú ag obair, má tá tú torrach, tá tú i dteideal tréimhse leanúnaí saoire máithreachais de 14 sheachtalne ar a laghad.
Ni mór don dá sheachtain roimh agus tar eis na breithe a bheith san áireamh.
Beidh feidhm leis na cearta a bhfuil tú ina dteideal sna réimsí seo ar fud an Aontais ó 3 Meitheamh 1998, seachas sa Riocht Aontaithe mar a bhfeidhmeofar an reachtaíocht níos moille.
Tugann an reachtaíocht Chomhphobail feidhm do chomhaontú a rinneadh idir ionadaithe d'oibrithe agus de bhainistíocht Eorpach faoi Chomhaontú an Aontais
Ni gá go bhfaigheadh mná ar shaoire máithreachais lánphá; ba chóir dóibh áfach aon ardú pá a tugadh roimh nó le linn saoire máithreachais a fháil.
Cinneann reachtaíocht náisiúnta na tire ¡na bhfuil tú ag obair méid an phá máithreachais agus ba chóir gurbh ionann a luach agus pá breoiteachta.
ar Pholasaí Sóisialta.
Saoire tuismitheoirí
Conas
","OPUS QED, lines 5524 to 5533"
"Déanfaidh an Chomhairle, ag gniomhú di d'aontoil, na rialacha i dtaobh teangacha institiúidí an Chomhphobail a chinneadh, gan dochar do na forálacha atá i rialacha nós imeachta na Cúirte Breithiúnais.
Airteagal 218
(Aisghaireadh an ¡Aineagal seo leis an clara mir d'Airteagal 28 den Chonradh Comhcheangail)
Comhchean
[Feic an chéad mhír d'Airteagal 28 den Chonradh gail arb é seo a leanas a téacs:
Beidh ag na Comhphobail Eorpacha. i geríocha na mBallstát, na pribhléidí agus na diolúinti is gá chun a gcúraimi a chomhlíonadh. faoi na coinníollacha atá leagtha síos sa Phrótacai atá i gceangal leis an gConradh seo.
Bainfidh an céanna leis an mBanc Eorpach Infheistíochta.]
Airteagal 219
Gabhann na Ballstáit orthu féin nach gcuirfidh siad díospóid maidir le léiriú nó feidhmiú an Chonartha seo á réiteach ar mhodh ar bith seachas mar a fhoráiltear ann.
","OPUS QED, lines 8761 to 8770"
"Chuige sin, feidhmeoidh an Coimisiún ar son an Chomhphobail.
Airteagal 186
(Aisghaireadh an /Airteagal seo le hAirteagal 24(2) den Chonradh Comhcheangail)
[Feic Airteagal 24(1) den Chonradh Comhcheangail arb é seo a leanas a théacs:
Beidh oifigigh agus seirbhísigh eile an Chomhphobail Eorpaigh do Ghual agus Cruach, Chomhphobal Eacnamaíochta na hEorpa agus an Chomhphobail Eorpaigh do Fhuinneamh Adamhach, ar dháta an Chonartha seo a theacht i bhfeidhm, ina n-oifigigh agus ina seirbhísigh eile do na Comhphobail Eorpacha agus ina gcuid de riarachán aonair na gComhphobal sin.
Déanfaidh an Chomhairle, ag gniomhú di tri thromlach cáilithe ar thogra ón gCoimisiún agus tar éis dui i gcomhairle leis na hínstitiúidí eile lena mbaineann, Rialacháin Foirne na
n-oifigeach do na Comhphobail Eorpacha agus Coinniollacha Fostaíochta na seirbhíseach eile do na Comhphobail sin a leagan síos.]
Airteagal 187
Chun na cúraimí a chuirtear air a chomhlíonadh, féadfaidh an Coimisiún aon fhaisnéis a chruinniú, agus aon fhíorú is gá a dhéanamh, faoi na teorainneacha agus na coinniollacha a bheidh leagtha síos ag an gComhairle de réir fhorálacha an Chonartha seo.
","OPUS QED, lines 18658 to 18667"
"Glasraí úr nó fuaraithe:
— Oinniúin, seallóidí, gairleog — Prátaí nua: — Ó 1/1 go 15/5 — Ó 16/5 go 30/6 — Eile ( > )
Glasraí triomaithe, díscithe nó galaithe, iomlán, gearrtha, slisnithe, briste nó ina bpúdar, ach gan ullmhú thairis sin orthu : — Oinniúin — Eile ex 07.05
Glasraí pischíneálacha triomaithe, scilligthe, scafa nó scoilte nó gan a bheith: — Piseanna agus pónairí
Bananaí, úr
Torthaí ciotrais, úr nó triomaithe: — Oráistí: — O 15/3 go 30/9 — Lasmuigh den tréimhse sin Mandairíní agus cleimintíní Liomóidí Seadóga Eile
Socraitear an rata dc ghnáth ag leibhéal an mheáin inmhriochtúil.
Féadfar c geartú, mar is gá. tri ralai scasúracha a shocrú faoi chuimsiú hhcartas lalmh Chomhphobail.
Comhtharaif Chustam (rata
","OPUS QED, lines 9226 to 9235"
"Dr. J. P. BALKENENDE Príomh-Aire
Dr. B. R. BOT Aire Gnóthaí Eachtracha
UACHTARÁN CÓNAIDHME PHOBLACHT NA hOSTAIRE,
An Dochtúir Wolfgang SCHÜSSEL Seansailéir Cónaidhme
An Dochtúir Ursula PLASSNIK Aire Cónaidhme Gnóthaí Eachtracha
UACHTARÁN PHOBLACHT NA POLAINNE,
Marek BELKA Príomh-Aire
Włodzimierz CIMOSZEWICZ Aire Gnóthaí Eachtracha
UACHTARÁN PHOBLACHT NA PORTAINGÉILE,
","OPUS QED, lines 21989 to 21998"
"Miguel Angel MORATINOS CUYAUBÉ Aire Gnóthaí Eachtracha agus Comhair
UACHTARÁN PHOBLACHT NA FRAINCE,
Jacques CHIRAC Uachtarán
Jean-Pierre RAFFARIN Príomh-Aire
Michel BARNIER Aire Gnóthaí Eachtracha
Brollach
UACHTARÁN NA hÉIREANN,
Bertie AHERN Taoiseach
Dermot AHERN Aire Gnóthaí Eachtracha
","OPUS QED, lines 21956 to 21965"
"Saoränaigh na hEorpa
Mar shaoránach den Aontas Eorpach, tá a lán cearta agat ¡ ngan fhios duit, b'fhéidir.
Arbh eoi duit, mar shampla, go bhfuil tú, is cuma cén tir ina bhfuil tú ag obair, i dteideal phá chomhionann ar obair chomhionann nó ar obair de luach comhion­ann beag beann ar do ohineál?
Nó gur ghá go mbeadh na deiseanna traenála céanna agat le hoibrithe den chineál eile?
Tá an tAE ag foilsiú an tsraith seo d'eolairí ag míniú do chearta chun go bhféadfá an leas is fearr a bhaint as na deiseanna ata ar fail duit.
Léiríonn na heolairí freisin na coinníollacha a ghabhann le do chearta.
Is cerniu de sbraitìi d'ßwilseachäin é an l-eolaire seo anui slioìi'itliar ag an Aonuis Eorpach mar cintici dei Jhcuchtas eoluis ""Saoränaigh na ItEorpa"".
Is card atti Ì ""Saoränaigh na hEorpa"" agus sna gniotnhaiochtai colais tosaiochta eile, ""An curo: aoii airgeadra antilain don Eoraip"" agus ""Tógaimis an Eoraip le elicile"" nti tm Cli'tr Eoluis don Siiori'inacli Eorpach a ¡aiiiset'iil Coimisitin na liEorptt agus Parliitiiiint no hEorpa.
Tá scóip agus éagsúlacht na gcearta seo chomh mor sin nach bhféadfadh cur síos gairid gach cas aonaránach a chuímsiú.
","OPUS QED, lines 5357 to 5366"
"Airteagal 193
Gabhann na Ballstáit orthu féin nach gcuirfidh siad díospóid maidir le léiriú nó feidhmiú an Chonartha seo á réiteach ar mhodh ar bith seachas mar a fhoráiltear ann.
Airteagal 194
Beidh de cheangal ar chomhaltaí institiúidí an Chomhphobail, ar chomhaltaí coistí, ar oifigigh agus seirbhísigh eile an Chomhphobail, agus ar aon daoine eile, a mbeidh orthu, i ngeall ar a ndualgais nó a gcaidreamh, poiblí nó príobháideach, le hinstitiúidí nó le suiteálacha an Chomhphobail nó leis na Gnóthais Chomhpháirteacha, aon fhíorais, faisnéis, eolas, doiciméid nó nithe, a bheidh faoi chóras slándála de réir forálacha a bheidh leagtha síos ag Ballstát nó ag institiúid de chuid an Chomhphobail, a fháil, nó fios a fháil orthu, na fíorais, an fhaisnéis, an t-eolas, na doiciméid agus na nithe sin a choimeád ina rún ó aon duine neamhúdaraithe agus ón bpobal i gcoitinne, fiú tar éis deireadh a theacht leis na dualgais nó leis an gcaidreamh sin.
Féachfaidh gach Ballstát ar aon sárú a dhéanfar ar an oibleagáid sin mar ghníomh atá dochrach dá rialacha féin maidir le rúndacht agus mar ghníomh a thig, ó thaobh forais agus dlínse, faoi réim dhlíthe an Bhallstáit maidir le gníomhartha atá dochrach do shlándáil an Stáit nó le nochtadh rún gairmiúil.
Déanfaidh an Ballstát sin, ar aon Bhallstát lena mbaineann nó an Coimisiún á iarraidh sin, aon duine laistigh dá dhlínse a chúiseamh a dhéanfaidh aon sárú den sórt sin.
Cuirfidh gach Ballstát in iúl don Choimisiún na forálacha go léir a rialaíonn, laistigh dá chríocha, rúnaicmiú agus rúndacht faisnéise, eolais, doiciméad nó nithe lena mbaineann an Conradh seo.
Déanfaidh an Coimisiún deimhin de go gcuirfear na forálacha sin in iúl do na Ballstáit eile.
Déanfaidh gach Ballstát na bearta go léir is iomchuí chun gur fusa córas slándála chomh mór ar comhrian agus chomh cuimsitheach agus is féidir a bhunú go comhleanúnach.
","OPUS QED, lines 2469 to 2478"
"Airteagal 44
Beidh Airteagail 2 go 4, 6 go 9, an chéad mhír d'Airteagal 13, Airteagal 17, an dará mir d'Airteagal 18 agus Airteagal 19 den Reacht seo infheidhme ar an gCúirt Chéadchéime agus ar a comhaltaí.
Is os comhair na Cúirte Breithiúnais a ghlacfar an mionn dá dtagraítear ín Airteagal 2 agus is í an Chúirt Bhreithiúnais a ghlacfaidh na breitheanna dá dtagraítear ín Airteagail 3, 4 agus 7 tar éis di an Chúirt Chéadchéime a éisteacht.
Cláraitheoir agus foireann
Airteagal 45
Ceapfaidh an Chúirt Chéadchéime a Cláraitheoir agus leagfaidh sí síos na rialacha a bhainfidh lena sheirbhís.
Beidh Airteagail 9 agus 14 den Reacht seo infheidhme, mutatis mutandis, ar Chláraitheoir na Cúirte Céadchéime.
Leagfaidh Uachtarán na Cúirte Breithiúnais agus Uachtarán na Cúirte Céadchéime síos de thoil a chéile na coinniollacha faoina ndéanfaidh oifigigh agus seirbhísigh eile atá ag gabháil leis an
* Arna chur isteach le hAirteagal 5 de Chinneadh ón gComhairle an 24 Deireadh Fómhair 1988 ag bunú Chúirt Chéadchéime na gComhphobal Eorpach (IO L 319. 25.11.1988, Ich. 1).
","OPUS QED, lines 16654 to 16663"
"Mianta tóiriam ina bhfuil thar 20 faoin gcéad de réir meáchain de thóiriam.
Úráineo-tóiriainít ina bhfuil thar 20 faoin gcéad de thóiriam.
Tóiriam amh nó próiseáilte.
Comhdhúile neamhorgánacha de thóiriam seachas ocsaid tóiriam.
Comhdhúile orgánacha de thóiriam.
Deoitéiriam agus a chomhdhúile (lena n-áiritear uisce trom) inar mó ná 1:5000 an coibhneas idir uimhir na n-adamh deoitéiriam agus uimhil na n-adamh normalach hidrigine.
Trompharaifín inar mó ná 1:5000 an coibhneas idir uimhir na n-adamh deoitéiriam agus uimhir na n-adamh normalach hidrigine.
Meascáin agus tuaslagáín inar mó ná 1:5,000 an coibhneas idir uimhir na n-adamh deoitéiriam agus uimhir na n-adamh normalach hidrigine. gine.
Imoibritheoirí núicléacha.
","OPUS QED, lines 11673 to 11682"
"Bainfidh na téarmaí sin, go háirithe, le híocaíocht oiriúnach agus, más iomchuí, le ceart an cheadúnaí chun focheadúnais a dheonú do thríú páirtithe agus leis an oibleagáid chun déileáil leis an bhfaisnéis mar rún ceirde.
Mura gcomhaontófar ar na tearmai dá dtagraítear sa tríú mir, féadfaidh na ceadúnaithe an t-ábhar a thabhairt os comhair na Cúirte Breithiúnais chun go bhféadfar coinníollacha oiriúnacha a shocrú.
Airteagal 13
Cuirfidh an Coimisiún i bhfios do Bhallstáit, do dhaoine agus do ghnóthais aon fhaisnéis a fuair an Comhphobal agus nach mbaineann forálacha Airteagal 12 leí, cibé acu óna chlár taighde féin a thig an fhaisnéis sin nó trina cur in iúl don Choimisiún le húdarás úsáid a bhaint as mar is rogha leis.
Féadfaidh an Coimisiún, áfach, é a chut de choinníoll le nochtadh na faisnéise sin nach foláir í a choimeád faoi rún agus gan í a thabhairt do thríú páirtithe.
Ni cead don Choimisiún aon fhaisnéis a nochtadh a fuarthas faoi réir srianta ar a húsáid nó ar a leathadh — mar shampla, faisnéis ar a dtugtar faisnéis rúnaicmithe — mura n-áiritheoidh sé go ndéanfar de réir na srianta sin.
Roinn
Faisnéis Eile a) Leathadh tri chomhaontú cairdiúil
Airteagal 14
","OPUS QED, lines 10463 to 10472"
"CAIBIDIL 70
Gloine ina moll (gan gloine optaicíúil a áireamh) ex 70.01 70.02 70.03 70.04 70.05 70.06 70.16
CAIBIDIL 71
Airgead, neamhshaoirsithe Airgead rollta, neamhoibrithe Ór, neamhshaoirsithe ex 71.05 ex 71.06 ex 71.07 ex 71.08
Ór rollta ar mhiotal neamhlómhar nó ar airgead, neamhoibrithe ex 71.09 platanaim,
Platanam agus miotail eile den ghrúpa neamhshaoirsithe ex 71.10
Platanam rollta nó miotail eile den ghrúpa platanaim, ar mhiotal neamhlómhar nó ar mhiotal lómhar, neamh oibrithe
CAIBIDIL 73
Blúmáin, billéíd, Ieaca agus barrai leatháin (lena náirítear barrai stánphláta), d'iarann nó de chruach (seachas táirgí a thig faoi réim an Chomhphobail Eorpaigh do Ghual agus Cruach) ; píosaí garbhchumtha trina ngaibhniú, d'iarann nó de chruach
","OPUS QED, lines 9124 to 9133"
"Comhairle bhreise
✔ B’úsáideach leat, b’fhéidir, riachtanais do ghnólachta a phlé le duine atá seachtrach don ghnólacht (m.sh. líonra áitiúil thacaíocht gnó) a bheidh in ann do ghnólacht a fheiceáil le ‘súile’ nua (agus neamhspleácha).
✔ Ina lán casann féadfaidh tú cuardach ar an idirlíon agus teacht ar an ábhar atá de dhíth agat (in aisce) agus gheobhaidh tú roinnt nasc tábhachtach sa bhróisiúr seo chun eolas a bhealaigh a thabhairt duit.
Do na gnólachtaí siúd atá ag iarraidh faisnéise níos mionsonraithe ar conas dul i gceann na ‘ hÉagsúlachta’ nó ar conas leanúint ar aghaidh lena bhfuil i mbun acu (‘Turas na hÉagsúlachta’), tá liosta seiceála na hÉagsúlachta agus treoracha le haghaidh réimsí tábhachtacha thíos anseo a thabharfaidh níos faide ar an mbealach seo thú agus tá níos mó eolas iontu ar na 8 leid a cuireadh síos orthu roimhe seo.
✔ Baineann roinnt FBManna úsáid as comhairleoir gnó as a n-institiúid airgeadais (banc nó urra) agus is féidir go bhfuil uinéirí agus bainisteoirí eile gnólachta ina bhfoinse úsáideach comhairle.
✔ Do mhicreaghnólachtaí agus dóibh siúd nach bhfuil ról foirmiúil Acmhainní Daonna acu, déan cinnte nach lorgann tú cuidiú nach labhraíonn ach faoi chur chuige‘Éagsúlachta’, ach cuidiú a cheanglaíonn an cur chuige agus na sochair a d’fhéadfadh sé tabhairt ar do ghnólacht trí chomhairle shainiúil phraiticiúil.
✔ Bíodh conradh a bhfuil muinín agat as mar thosú agat agus faigh amach cé atá san áit is fearr le cuidiú leat nó féach ar na hacmhainní ag deireadh an bhróisiúir seo agus lorg eolas teagmhála d’eagraíocht trádála nó do chomhlachas lucht trádála i do cheantar féin.
Tá a lán faisnéise le fáil in aisce, agus ise ba chóir duit a úsáid ar dtús!
✔ Má bhaineann tú feidhm as duine sainiúil taobh amuigh den ghnólacht a thairgeann tacaíocht, tabhair air coinneáil leis an bpróiseas maidir le athrú ar bith (m.sh. bheith i do pháirt de phróiseas an agallaimh) a chur i bhfeidhm agus measúnú a thabhairt faoi cé chomh rathúil is a bhí an cur chuige.
","OPUS QED, lines 4325 to 4334"
"Airteagal 123**
Cinnfidh an Chomhairle, ag gniomhú di tri thromlach cáilithe, tuarastail, slánaíochtaí agus pinsin Uachtarán agus chomhaltaí an
Airteagal mar atá arna chur isteach le hAirteagal 1(6), CAE.
Airteagal mar atá arna chur isteach le hAirteagal 1(7), CAE.
Choimisiúin agus Uachtarán, Bhreithiúna, Abhcóidí Ginearálta agus Chláraitheoir na Cúirte Breithiúnais.
Cinnfidh an Chomhairle chomh maith, tri thromlach cáilithe freisin, aon slánaíocht is intugtha ín ionad luach saothair.
Roinn 3
An Coimisiún
Airteagal 124
","OPUS QED, lines 18174 to 18183"
"Féadfar iad a atoghadh uair amháin.
CONRADH NICE
Aon Bhreitheamh déag a bheidh ar an Mór-Dhlísheomra.
Uachtarán na Cúirte a bheidh ina uachtarán air.
Is cuid den Mhór-Dhlísheomra freisin Uachtaráin na ndlísheomraí a bhfuil cúigear Breithiúna iontu agus Breithiúna eile arna gceapadh i gcomhréir leis na coinníollacha atá leagtha síos sna rialacha nós imeachta.
Suífidh an Chúirt mar Mhór-Dhlísheomra arna iarraidh sin do Bhallstát nó d'institiúid de chuid na gComhphobal is páirtí sna himeachtaí.
Suífidh an Chúirt mar chúirt iomlán nuair a thugtar cásanna os a comhair de bhun Airteagal 195(2), Airteagal 213(2), Airteagal 216 nó Airteagal 247(7) de Chonradh CE nó Airteagal 107d(2), Airteagal 126(2), Airteagal 129 nó Airteagal 160b(7) de Chonradh CEFA.
Fairis sin, nuair a mheasann sí go bhfuil mórthábhacht ag roinnt le cas os a comhair, féadfaidh an Chúirt a chinneadh, tar éis an tAbhcóide Ginearálta a éisteacht, an cas a tharchur chuig an gcúirt iomlán.
Airteagal 17
","OPUS QED, lines 20917 to 20926"
"TEIDEAL A TRI
Forálacha Eacnamaíocha agus Sóisialta
CAIBIDIL
FORÁLACHA GINEARÁLTA
Airteagal 46
Féadfaidh an tArdÚdarás, tráth ar bith, dui i gcomhairle le Rialtais, leis na páirtithe éagsúla a bheidh i geeist (gnóthais, oibrithe, úsáidirí agus déileálaithe) agus lena gcomhlachaís, agus le saíneolaithe ar bith.
Beidh gnóthais, oibrithe, úsáidirí agus déileálaithe, agus a gcomh lachaís, i dteideal meabhraíochtaí no barúlacha ar bith a chur i láthair an Ard-Údaráis i dtaobh ceisteanna is cúram leo.
Chun treoireacht a thabhairt. i ndáil leis na cúraimí a chuirtear ar an gComhphobal. maidir leis an ngníomhaíocht is indéanta ag gach n-aon lena mbaíneann. agus chun a réim ghníomhaiochta féin a chin neadh. de réir forálacha an Chonartha seo. déanfaidh an tArdÚdarás tar éis comhairle a ghlacadh mar atá limite timas:
/. staidéar a choimeád á dhéanamh ar fiíorás margaí agus ar threo na bpraghsanna:
","OPUS QED, lines 6336 to 6345"
"Úráiniam nádúrtha, amh nó próiseáilte.
Cóimhiotail ina bhfuil plútóiniam.
Comhdhúile orgánacha nó neamhorgánacha d'úráiniam saibhrithe i gcomhdhúile orgánacha nó neamhorgánacha d'úráiniam-235.
Comhdhúile orgánacha nó neamhorgánacha d'úráiniam-233.
Tóiriam saibhrithe in úráiniam-233.
Comhdhúile orgánacha nó neamhorgánacha de phlútóiniam.
Úráiniam saibhrithe i bplútóiniam.
Úráiniam saibhrithe in úráiniam-235.
Cóimhiotail ina bhfuil úráiniam saibhrithe in úráiniam-235 nó úráiniam-233.
","OPUS QED, lines 2665 to 2674"
"Na hoifigigh don Choimisiún a mbeidh cúraimí maoirseachta curtha aige orthu, beidh acu, i gcríocha na mBallstát agus chomh fada riamh agus ís gá chun a gcúram a chomhlíonadh, na cearta agus na cumhachtai a thugann na Stáit sin lena reachtaíocht dá n-oifigigh ioncaim féin.
Cuirfear i bhfios go cui don Stát lena mbaineann cúraimí maoirseachta agus stádas na n-oifigeach sin.
Féadfaidh oifigigh don Stát sin, ar iarratas uaidh féin nó ón g Co i misiún, cuidiú le hoifigigh an Choimisiúin i gcomhlíonadh a gcúraim.
Airteagal 87
Gabhann na hArdpháirtithe Conarthacha orthu féin gan leas a bhaint as aon chonartha!, choinbhinsiúin ná dearbhuithe atá déanta eatarthu chun go gcuirfidh siad díospóid maidir le léiriú nó feidhmiú an Chonartha seo á réiteach ar mhodh ar bith seachas mar a fhoráiltear ann.
Airteagal 88
Má mheasann an Coimisiún gur mhainnigh Stát oibleagáid atá air faoin gConradh seo a chomhlíonadh, cuirfidh sé an mhain-
neachtain sin ar taifead i gcinneadh réasúnaithe, tar éis caoi a thabhairt don Stát sin a bharúlacha a chur faoina bhráid.
Sonróidh sé don Stát atá i geeist tréimhse áirithe chun a oibleagáid a chomh líonadh.
","OPUS QED, lines 16294 to 16303"
"Toghfaidh na Breithiúna Uachtaráin na ndlísheomraí as a líon féin.
Toghfar Uachtaráin na ndlísheomraí a bhfuil cúigear Breithiúna iontu go ceann téarma trí bliana.
Féadfar iad a atoghadh uair amháin.
Beidh comhdhéanamh na ndlísheomraí agus sannadh na gcásanna dóibh faoi rialú ag na rialacha nós imeachta.
I gcásanna áirithe atá sainithe sna rialacha nós imeachta, féadfaidh an Chúirt Ghinearálta suí mar chúirt iomlán nó féadfar í a chomhdhéanamh de Bhreitheamh aonair.
Féadfar a fhoráil sna rialacha nós imeachta go bhféadfaidh an Chúirt Ghinearálta suí mar Mhór-Dhlísheomra sna cásanna agus faoi na coinníollacha atá sonraithe iontu.
Airteagal 51
De mhaolú ar an riail atá leagtha síos in Airteagal 256(1) den Chonradh ar Fheidhmiú an Aontais Eorpaigh, forchoimeádtar dlínse chuig an gCúirt Bhreithiúnais sna caingne dá dtagraítear in Airteagail 263 agus 265 den Chonradh ar Fheidhmiú an Aontais Eorpaigh nuair a thionscnaíonn Ballstát iad:
(a) i gcoinne gnímh nó neamhghnímh de chuid Pharlaimint na hEorpa nó na Comhairle, nó de chuid an dá institiúid sin ag gníomhú dóibh go comhpháirteach, seachas:
","OPUS QED, lines 3016 to 3025"
"Gan dochar dá chearta féin i gcoinne an duine atá freagrach sa damáiste, gheobhaidh an Comhphobal, sa mhéid go mbeidh sé tar éis damáiste den sórt sin a shlánú, aon chearta caingne a bhí acu siúd lena mbaineann i gcoinne tríú páirtithe.
Ní dhéanfaidh sé sin difear do cheart an Chomhphobail chun imeachtaí a bhunú i gcoinne an duine atá freagrach sa damáiste de réir na bhforálacha ginearálta a bheidh i bhfeidhm.
Airteagal 29
Más md é, i gcás comhaontú nó conradh chun faisnéis eolaíochta nó tionscail sa réimse núicléach a mhalartú idir Ballstát, duine nó gnóthas ar thaobh amháin, agus tríú Stát, eagraíocht idirnáisiúnta nó náisiúnach de thríú Stát ar an taobh eile, gur gá, ar thaobh nó ar thaobh eile, síniú Stáit ag gniomhú dó ina cháil fhlaithiúnta, is é an Coimisiún a thabharfaidh i gcrích é.
Faoi réir fhorálacha Airteagail 103 agus 104, féadfaidh an Coimisiún, áfach, ar cibé coinniollacha is iomchuí leis, a údarú do Bhallstát, do dhuine nó do ghnóthas comhaontuithe den sórt sin a thabhairt i gcrích.
CAIBIDIL 3
SLAINTE AGUS SABHAILTEACHT
Airteagal 30
Leagfar síos sa Chomhphobal bunchaighdeáin chun sláinte oibrithe agus an phobail i gcoitinne a chosaint ar na contúirtí ó radaíochtaí ianúcháin.
","OPUS QED, lines 17704 to 17713"
"Mura mbionn na meánrátaí a bhunóidh Ballstát i gcomhréir leis na prionsabail sin, eiseoidh an Coimisiún treoracha nó cinntí iomchuí chuig an Stát sin.
Airteagal 98
I gcás muirear seachas cánacha láimhdeachais, dleachtanna máil agus cineálacha eile cánachais indirigh, ní cead maithiúnais ná aisíocaiochtaí i leith onnmhairí go Ballstáit eile a dheonú ná ní cead muirir frithchúitimh i leith allmhairí ó Bhallstáit a fhorchur mura mbeidh na bearta a mheabhraítear formheasta roimh ré go ceann tréimhse teoranta ag an gComhairle, ag gniomhú di tri thromlach cáilithe ar thogra ón gCoimisiún.
Airteagal 99
Féachfaidh an Coimisiún conas is féidir, ar mhaithe leis an gcómhargadh, comhchuibhiú a dhéanamh ar reachtaíocht na mBallstát éagsúil maidir le cánacha láimhdeachais, dleachtanna máil agus cineál acha eile cánachais indírigh, lena náirítear bearta frithchúitimh is inchurtha chun feidhme ar thrádáil idir Ballstáit.
Cuirfidh an Coimisiún tograí faoi bhráid na Comhairle, agus gníomhóidh an Chomhairle orthu d'aontoil gan dochar d'fhorálacha Airteagail 100 agus 101.
CAIBIDIL
DLÍTHE A CHOMHFHOGASU
Airteagal 100
","OPUS QED, lines 8068 to 8077"
